Time (s),Potential (V),Current (μA),C_O at electrode (mM),C_R at electrode (mM)
0.04,-0.498,1527.1499417598432,1.0379653607883599e-07,1.577750729747372
0.08,-0.496,761.9875680432708,5.722921925615012e-08,1.5773506528454448
0.12,-0.494,571.8867177903447,4.661266951212854e-08,1.577350242763586
0.16,-0.492,476.6386825838178,4.18994324031359e-08,1.5773502450014871
0.2,-0.49,417.0837023949895,3.942083233475218e-08,1.5773502464309932
0.24000000000000002,-0.488,375.38775402047634,3.808149966755948e-08,1.5773502472037992
0.28,-0.486,344.11268560558386,3.743045283963656e-08,1.5773502475794052
0.32,-0.484,319.53786440865633,3.7246199404312273e-08,1.5773502476855967
0.36,-0.482,299.5699486336154,3.740741586087051e-08,1.5773502475923797
0.39999999999999997,-0.48,282.929484998218,3.784284256210246e-08,1.5773502473408763
0.43999999999999995,-0.478,268.7847439108049,3.850883580314508e-08,1.5773502469562724
0.4799999999999999,-0.476,256.56859454190914,3.937820356790916e-08,1.577350246454261
0.5199999999999999,-0.474,245.8792962178241,4.043419909392063e-08,1.5773502458445068
0.5599999999999999,-0.472,236.4232559454417,4.1667087079809995e-08,1.5773502451326278
0.6,-0.47,227.98027092332273,4.3072085470164213e-08,1.5773502443213825
0.64,-0.46799999999999997,220.38151390108132,4.464808597407601e-08,1.5773502434114097
0.68,-0.46599999999999997,213.49508524053599,4.6396837213744985e-08,1.5773502424016983
0.7200000000000001,-0.46399999999999997,207.2162388457017,4.8322414465083934e-08,1.577350241289895
0.7600000000000001,-0.46199999999999997,201.46059434333432,5.0430873720312046e-08,1.5773502400725021
0.8000000000000002,-0.45999999999999996,196.1593139946603,5.273002848893924e-08,1.577350238745008
0.8400000000000002,-0.45799999999999996,191.25560585392918,5.522931110811779e-08,1.577350237301966
0.8800000000000002,-0.45599999999999996,186.70214270053185,5.7939694216937595e-08,1.577350235737041
0.9200000000000003,-0.45399999999999996,182.45912619467714,6.087365656363891e-08,1.5773502340430274
0.9600000000000003,-0.45199999999999996,178.49281392310544,6.404518268524384e-08,1.5773502322118507
1.0000000000000002,-0.44999999999999996,174.77438397670772,6.746978947530502e-08,1.5773502302345517
1.0400000000000003,-0.44799999999999995,171.27904930698193,7.116457496089966e-08,1.577350228101258
1.0800000000000003,-0.44599999999999995,167.98535942013564,7.51482861753387e-08,1.5773502258011454
1.1200000000000003,-0.44399999999999995,164.87464431144036,7.94414041011233e-08,1.5773502233223886
1.1600000000000004,-0.44199999999999995,161.93056762145818,8.406624443260145e-08,1.5773502206521028
1.2000000000000004,-0.43999999999999995,159.13876453456075,8.904707347414402e-08,1.577350217776277
1.2400000000000004,-0.43799999999999994,156.4865460597614,9.441023891551891e-08,1.5773502146796987
1.2800000000000005,-0.43599999999999994,153.96265577560237,1.0018431555654248e-07,1.5773502113458693
1.3200000000000005,-0.43399999999999994,151.5570683827894,1.0640026631836678e-07,1.5773502077569113
1.3600000000000005,-0.43199999999999994,149.2608218300501,1.1309161909979336e-07,1.5773502038934664
1.4000000000000006,-0.42999999999999994,147.06587659505362,1.2029466022828114e-07,1.5773501997345836
1.4400000000000006,-0.42799999999999994,144.96499707750127,1.2804864542721154e-07,1.5773501952575972
1.4800000000000006,-0.42599999999999993,142.95165111205614,1.3639602938099055e-07,1.577350190437995
1.5200000000000007,-0.42399999999999993,141.01992441800624,1.4538271513323187e-07,1.5773501852492733
1.5600000000000007,-0.42199999999999993,139.16444743078014,1.5505832470488086e-07,1.5773501796627811
1.6000000000000008,-0.41999999999999993,137.38033245173858,1.6547649247193516e-07,1.5773501736475515
1.6400000000000008,-0.4179999999999999,135.6631194395742,1.7669518299916526e-07,1.5773501671701167
1.6800000000000008,-0.4159999999999999,134.00872907334843,1.8877703518910314e-07,1.57735016019431
1.7200000000000009,-0.4139999999999999,132.41342196182333,2.0178973477654368e-07,1.5773501526810512
1.760000000000001,-0.4119999999999999,130.87376307002418,2.1580641737966825e-07,1.577350144588113
1.800000000000001,-0.4099999999999999,129.38659059232288,2.309061045112119e-07,1.5773501358698705
1.840000000000001,-0.4079999999999999,127.94898862978228,2.4717417515856463e-07,1.577350126477027
1.880000000000001,-0.4059999999999999,126.55826313421366,2.647028757617438e-07,1.5773501163563217
1.920000000000001,-0.4039999999999999,125.21192066717798,2.8359187165449963e-07,1.5773501054502095
1.960000000000001,-0.4019999999999999,123.90764959274364,3.039488432879654e-07,1.5773500936965181
2.000000000000001,-0.39999999999999997,122.6433033811627,3.258901308299417e-07,1.5773500810280747
2.040000000000001,-0.39799999999999996,121.41688574904676,3.4954143102791963e-07,1.5773500673723044
2.080000000000001,-0.39599999999999996,120.22653740198068,3.7503855054211536e-07,1.5773500526507958
2.120000000000001,-0.39399999999999996,119.07052417926913,4.025282202981833e-07,1.5773500367788287
2.160000000000001,-0.39199999999999996,117.94722642885455,4.321689757799638e-07,1.577350019664868
2.200000000000001,-0.38999999999999996,116.85512946432867,4.641321085829474e-07,1.5773500012100137
2.240000000000001,-0.38799999999999996,115.79281497615074,4.986026949815523e-07,1.5773499813074061
2.280000000000001,-0.38599999999999995,114.75895328631246,5.357807077304295e-07,1.577349959841585
2.320000000000001,-0.38399999999999995,113.75229635026075,5.758822178247542e-07,1.5773499366877952
2.360000000000001,-0.38199999999999995,112.77167142233156,6.191406934898436e-07,1.577349911711237
2.4000000000000012,-0.37999999999999995,111.81597531158648,6.658084042598149e-07,1.5773498847662548
2.4400000000000013,-0.37799999999999995,110.88416916408734,7.16157938641967e-07,1.5773498556954617
2.4800000000000013,-0.37599999999999995,109.97527371550353,7.704838445519338e-07,1.5773498243287911
2.5200000000000014,-0.3739999999999999,109.0883649647353,8.291044024487052e-07,1.5773497904824745
2.5600000000000014,-0.3719999999999999,108.22257022510429,8.923635419027376e-07,1.5773497539579335
2.6000000000000014,-0.3699999999999999,107.37706451475692,9.606329131996192e-07,1.577349714540585
2.6400000000000015,-0.3679999999999999,106.55106725234562,1.0343141265211313e-06,1.5773496719985471
2.6800000000000015,-0.3659999999999999,105.74383922791105,1.1138411722611126e-06,1.5773496260812423
2.7200000000000015,-0.3639999999999999,104.95467982225594,1.1996830371310903e-06,1.5773495765178869
2.7600000000000016,-0.3619999999999999,104.18292445104105,1.2923465318970947e-06,1.5773495230158583
2.8000000000000016,-0.3599999999999999,103.42794221241903,1.392379347871463e-06,1.5773494652589306
2.8400000000000016,-0.3579999999999999,102.68913371929229,1.5003733606696977e-06,1.5773494029053665
2.8800000000000017,-0.35599999999999987,101.96592909927166,1.616968201240727e-06,1.5773493355858559
2.9200000000000017,-0.35399999999999987,101.2577861471805,1.7428551157986326e-06,1.5773492629012866
2.9600000000000017,-0.35199999999999987,100.5641886164998,1.8787811380345629e-06,1.5773491844203362
3.0000000000000018,-0.34999999999999987,99.88464463752578,2.025553598879941e-06,1.5773490996768682
3.040000000000002,-0.34799999999999986,99.2186852512407,2.1840450011376973e-06,1.5773490081671162
3.080000000000002,-0.34599999999999986,98.56586304897056,2.355198288509239e-06,1.5773489093466433
3.120000000000002,-0.34399999999999986,97.92575090886922,2.54003254093501e-06,1.5773488026270532
3.160000000000002,-0.34199999999999986,97.2979408211447,2.7396491307499796e-06,1.577348687372435
3.200000000000002,-0.33999999999999986,96.6820427946747,2.9552383769479124e-06,1.5773485628955222
3.240000000000002,-0.33799999999999986,96.07768383838436,3.188086737866903e-06,1.577348428453539
3.280000000000002,-0.33599999999999985,95.48450701133626,3.439584585871596e-06,1.577348283243712
3.320000000000002,-0.33399999999999985,94.90217053605565,3.7112346111343246e-06,1.5773481263984177
3.360000000000002,-0.33199999999999985,94.33034697009252,4.004660905429951e-06,1.5773479569799376
3.400000000000002,-0.32999999999999985,93.76872243127384,4.321618780980023e-06,1.5773477739747888
3.440000000000002,-0.32799999999999985,93.21699587248192,4.664005383836256e-06,1.5773475762875968
3.480000000000002,-0.32599999999999985,92.67487840218011,5.033871166108411e-06,1.5773473627344714
3.5200000000000022,-0.32399999999999984,92.14209264719655,5.433432286545881e-06,1.5773471320358459
3.5600000000000023,-0.32199999999999984,91.61837215459137,5.865084014608275e-06,1.5773468828087391
3.6000000000000023,-0.31999999999999984,91.10346082969177,6.331415219241004e-06,1.5773466135583893
3.6400000000000023,-0.31799999999999984,90.59711240760598,6.835224030144932e-06,1.5773463226692117
3.6800000000000024,-0.31599999999999984,90.09908995575536,7.3795347664338405e-06,1.5773460083950241
3.7200000000000024,-0.31399999999999983,89.6091654051529,7.967616235253347e-06,1.577345668848482
3.7600000000000025,-0.31199999999999983,89.12711910833089,8.603001511235492e-06,1.5773453019896573
3.8000000000000025,-0.30999999999999983,88.65273942197973,9.289509316636165e-06,1.5773449056136957
3.8400000000000025,-0.30799999999999983,88.18582231251662,1.0031267131700792e-05,1.5773444773374714
3.8800000000000026,-0.3059999999999998,87.72617098291389,1.0832736175286567e-05,1.5773440145851647
3.9200000000000026,-0.3039999999999998,87.27359551925028,1.1698738407100902e-05,1.5773435145726713
3.9600000000000026,-0.3019999999999998,86.82791255555587,1.2634485715162556e-05,1.5773429742907499
4.000000000000003,-0.2999999999999998,86.3889449556159,1.364561146533061e-05,1.577342390486806
4.040000000000003,-0.2979999999999998,85.95652151047506,1.4738204604054624e-05,1.5773417596452026
4.080000000000003,-0.2959999999999998,85.53047665050104,1.5918846520965287e-05,1.5773410779659747
4.120000000000003,-0.2939999999999998,85.11065017088816,1.719465089464088e-05,1.5773403413418248
4.160000000000003,-0.2919999999999998,84.69688696958609,1.8573306762953323e-05,1.5773395453332544
4.200000000000003,-0.2899999999999998,84.28903679668294,2.006312507892505e-05,1.5773386851416829
4.240000000000003,-0.2879999999999998,83.88695401433026,2.1673089034136208e-05,1.5773377555803927
4.280000000000003,-0.2859999999999998,83.49049736632409,2.3412908454533915e-05,1.5773367510431222
4.320000000000003,-0.2839999999999998,83.09952975653431,2.5293078598152282e-05,1.577335665470116
4.360000000000003,-0.2819999999999998,82.71391803537686,2.7324943710901523e-05,1.5773344923114307
4.400000000000003,-0.2799999999999998,82.3335327935739,2.9520765725385336e-05,1.5773332244872682
4.440000000000003,-0.2779999999999998,81.95824816247801,3.189379851883582e-05,1.5773318543451011
4.480000000000003,-0.2759999999999998,81.58794162023476,3.445836817989689e-05,1.5773303736133286
4.520000000000003,-0.2739999999999998,81.2224938031211,3.722995977034716e-05,1.5773287733511814
4.560000000000003,-0.2719999999999998,80.86178832136105,4.0225311107147045e-05,1.5773270438945741
4.600000000000003,-0.2699999999999998,80.50571157878042,4.3462514132662914e-05,1.577325174797576
4.640000000000003,-0.2679999999999998,80.15415259562948,4.6961124486811606e-05,1.5773231547691464
4.680000000000003,-0.2659999999999998,79.80700283395504,5.074227994446637e-05,1.5773209716047507
4.720000000000003,-0.2639999999999998,79.46415602483876,5.48288284350592e-05,1.5773186121124456
4.760000000000003,-0.2619999999999998,79.12550799688152,5.9245466419230766e-05,1.5773160620329816
4.800000000000003,-0.2599999999999998,78.79095650528517,6.401888845996515e-05,1.5773133059534443
4.840000000000003,-0.2579999999999998,78.46040106083741,6.917794889327024e-05,1.5773103272139095
4.8800000000000034,-0.2559999999999998,78.13374275816524,7.475383657654057e-05,1.577307107806546
4.9200000000000035,-0.2539999999999998,77.81088410252033,8.078026377169368e-05,1.5773036282665585
4.9600000000000035,-0.2519999999999998,77.49172883444561,8.729367030548116e-05,1.5772998675543095
5.0000000000000036,-0.24999999999999983,77.1761817515044,9.433344424154343e-05,1.5772958029279085
5.040000000000004,-0.24799999999999983,76.86414852640254,0.00010194216039836284,1.5772914098054946
5.080000000000004,-0.24599999999999983,76.555535520625,0.00011016583815483868,1.577286661616386
5.120000000000004,-0.24399999999999983,76.25024959279328,0.00011905422010143646,1.5772815296401923
5.160000000000004,-0.24199999999999983,75.94819790088047,0.000128661073220396,1.5772759828329184
5.200000000000004,-0.23999999999999982,75.64928769731756,0.00013904451441409314,1.5772699876390108
5.240000000000004,-0.23799999999999982,75.35342611607605,0.00015026736234711874,1.577263507788212
5.280000000000004,-0.23599999999999982,75.06051995064192,0.00016239751772583526,1.5772565040759934
5.320000000000004,-0.23399999999999982,74.77047542181991,0.00017550837431000907,1.577248934126246
5.360000000000004,-0.23199999999999982,74.48319793422328,0.00018967926313561594,1.577240752134794
5.400000000000004,-0.22999999999999982,74.19859182014527,0.0002049959326271272,1.577231908592189
5.440000000000004,-0.22799999999999981,73.91656006958671,0.00022155106749268,1.5772223499841094
5.480000000000004,-0.2259999999999998,73.63700404493576,0.00023944484952774528,1.5772120184675622
5.520000000000004,-0.2239999999999998,73.35982317886632,0.0002587855637035919,1.5772008515209421
5.560000000000004,-0.2219999999999998,73.08491465382541,0.00027969025318740043,1.5771887815658334
5.600000000000004,-0.2199999999999998,72.81217306130824,0.0003022854272329043,1.5771757355582898
5.640000000000004,-0.2179999999999998,72.5414900392006,0.0003267078261955406,1.5771616345471282
5.680000000000004,-0.2159999999999998,72.27275388504933,0.00035310524826607256,1.5771463931965903
5.720000000000004,-0.2139999999999998,72.00584914328259,0.000381637442883434,1.5771299192705035
5.760000000000004,-0.2119999999999998,71.74065616389281,0.00041247707618311994,1.577112113074849
5.800000000000004,-0.2099999999999998,71.47705063028566,0.0004458107742640904,1.5770928668554025
5.840000000000004,-0.2079999999999998,71.21490305357062,0.00048184025051711794,1.577072064146834
5.880000000000004,-0.2059999999999998,70.95407823039044,0.0005207835237533529,1.5770495790693881
5.920000000000004,-0.2039999999999998,70.69443466130708,0.0005628762344062538,1.577025275568932
5.960000000000004,-0.2019999999999998,70.43582392635996,0.0006083730666558089,1.5769990065958512
6.000000000000004,-0.19999999999999973,70.17809001431466,0.0006575492849441309,1.5769706132178951
6.0400000000000045,-0.19799999999999973,69.92106860167604,0.0007107023940193611,1.5769399236617012
6.0800000000000045,-0.19599999999999973,69.66458627748173,0.0007681539323637584,1.5769067522773046
6.1200000000000045,-0.19399999999999973,69.40845970929036,0.0008302514096354205,1.576870898419499
6.160000000000005,-0.19199999999999973,69.15249474569437,0.0008973703995853604,1.5768321452394267
6.200000000000005,-0.18999999999999972,68.8964854502596,0.0009699168008064259,1.5767902583792688
6.240000000000005,-0.18799999999999972,68.64021306125069,0.0010483292786322997,1.5767449845623402
6.280000000000005,-0.18599999999999972,68.38344487131126,0.0011330819025379408,1.5766960500703082
6.320000000000005,-0.18399999999999972,68.12593302069163,0.0012246869945020092,1.576643159098605
6.360000000000005,-0.18199999999999972,67.86741319716178,0.0013236982049820345,1.5765859919804206
6.400000000000005,-0.17999999999999972,67.6076032352517,0.0014307138344293855,1.5765242032689284
6.440000000000005,-0.17799999999999971,67.34620160695914,0.0015463804196386634,1.5764574196665972
6.480000000000005,-0.1759999999999997,67.08288579529523,0.0016713966056905757,1.5763852377896117
6.520000000000005,-0.1739999999999997,66.8173105417966,0.001806517325813884,1.576307221754502
6.560000000000005,-0.1719999999999997,66.54910595798209,0.0019525583131664794,1.5762229005731352
6.600000000000005,-0.1699999999999997,66.2778754905305,0.0021104009703234563,1.57613176534117
6.640000000000005,-0.1679999999999997,66.0031937288448,0.002280997624166717,1.5760332662039904
6.680000000000005,-0.1659999999999997,65.72460404303231,0.002465377195901632,1.5759268090829548
6.720000000000005,-0.1639999999999997,65.4416160395132,0.002664651318086574,1.5758117521435464
6.760000000000005,-0.1619999999999997,65.15370282078051,0.0028800209328553655,1.5756874019856963
6.800000000000005,-0.1599999999999997,64.86029803420747,0.003112783407945148,1.5755530095351347
6.840000000000005,-0.1579999999999997,64.56079269512006,0.0033643402097160713,1.575407765613147
6.880000000000005,-0.1559999999999997,64.25453176676743,0.003636205175066833,1.5752507961605426
6.920000000000005,-0.1539999999999997,63.94081048048682,0.003930013427012865,1.5750811570899836
6.960000000000005,-0.1519999999999997,63.6188703766601,0.004247530981700797,1.5748978287390967
7.000000000000005,-0.1499999999999997,63.287895047234755,0.004590665097781766,1.5746997098949609
7.040000000000005,-0.1479999999999997,62.94700555900068,0.004961475422351743,1.5744856113586772
7.080000000000005,-0.14599999999999969,62.59525553506091,0.005362185991081311,1.5742542490167482
7.120000000000005,-0.14399999999999968,62.23162587237596,0.005795198143688782,1.5740042363839584
7.1600000000000055,-0.14199999999999968,61.85501907030242,0.006263104419542748,1.5737340765803522
7.2000000000000055,-0.13999999999999968,61.46425314531403,0.006768703501891576,1.573442153702758
7.2400000000000055,-0.13799999999999968,61.05805510547359,0.007315016282980541,1.57312672354914
7.280000000000006,-0.13599999999999968,60.63505395755416,0.00790530312609655,1.5727859036518708
7.320000000000006,-0.13399999999999967,60.193773218396174,0.00854308240433134,1.5724176625738604
7.360000000000006,-0.13199999999999967,59.732622902073516,0.009232150399522677,1.5720198084193526
7.400000000000006,-0.12999999999999967,59.249890953410485,0.009976602648351129,1.5715899765091683
7.440000000000006,-0.12799999999999967,58.7437340984587,0.010780856825857391,1.5711256161682863
7.480000000000006,-0.12599999999999967,58.21216808226186,0.01164967725960273,1.57062397657193
7.520000000000006,-0.12399999999999967,57.65305726566862,0.012588201170205678,1.5700820915948972
7.560000000000006,-0.12199999999999966,57.06410355201707,0.013601966735911627,1.5694967636077393
7.600000000000006,-0.11999999999999966,56.44283461819616,0.01469694308002299,1.5688645461627413
7.640000000000006,-0.11799999999999966,55.78659142551335,0.01587956228023898,1.56818172551251
7.680000000000006,-0.11599999999999966,55.092514988998424,0.017156753497999156,1.5674443009045373
7.720000000000006,-0.11399999999999966,54.35753238792346,0.018535979323522488,1.566647963596495
7.760000000000006,-0.11199999999999966,53.5783420059437,0.020025274428075175,1.5657880745394117
7.800000000000006,-0.10999999999999965,52.75139799512801,0.021633286608723493,1.5648596406795159
7.840000000000006,-0.10799999999999965,51.8728939673071,0.023369320302016997,1.563857289834607
7.880000000000006,-0.10599999999999965,50.9387459248706,0.025243382631226965,1.5627752441076566
7.920000000000006,-0.10399999999999965,49.944574457230665,0.027266232036390187,1.5616072918092023
7.960000000000006,-0.10199999999999965,48.885686242639984,0.029449429516860155,1.5603467578714003
8.000000000000005,-0.0999999999999997,47.757054913235834,0.031805392491650784,1.5589864727506921
8.040000000000004,-0.09799999999999975,46.55330136215016,0.03434745125278733,1.557518739833407
8.080000000000004,-0.09599999999999981,45.268673596619,0.037089907950278396,1.5559353013797572
8.120000000000003,-0.09399999999999986,43.897026269223375,0.04004809800323162,1.5542273030671423
8.160000000000002,-0.09199999999999986,42.43180005420816,0.043238453778982,1.5523852572240766
8.200000000000001,-0.08999999999999991,40.86600107385265,0.04667857031973734,1.5503990048820724
8.24,-0.08799999999999997,39.19218062531242,0.050387272822927126,1.5482576768151386
8.28,-0.08600000000000002,37.40241550942116,0.05438468549584348,1.5459496537859847
8.319999999999999,-0.08400000000000007,35.488289321482696,0.05869230130592431,1.5434625262753165
8.359999999999998,-0.08200000000000007,33.44087512875626,0.06333305203372812,1.5407830540366103
8.399999999999997,-0.08000000000000013,31.250720033947925,0.06833137790490112,1.5378971258942469
8.439999999999996,-0.07800000000000018,28.907832204869045,0.07371329592889919,1.5347897202886496
8.479999999999995,-0.07600000000000023,26.401671040725272,0.07950646590468341,1.5314448671688143
8.519999999999994,-0.07400000000000029,23.721141243353152,0.08574025286607934,1.5278456119408899
8.559999999999993,-0.07200000000000029,20.854591666806304,0.09244578453129497,1.5239739823016871
8.599999999999993,-0.07000000000000034,17.789819933579032,0.09965600209203304,1.5198109589182403
8.639999999999992,-0.0680000000000004,14.514083920052217,0.10740570242814257,1.5153364510586043
8.67999999999999,-0.06600000000000045,11.014121340361875,0.11573156956506256,1.510529278434202
8.71999999999999,-0.0640000000000005,7.276178774598128,0.12467219290575819,1.5053671606789136
8.75999999999999,-0.0620000000000005,3.2860516123580434,0.13426806947003936,1.499826716062616
8.799999999999988,-0.06000000000000055,-0.9708635122393952,0.14456158706734817,1.4938834712140217
8.839999999999987,-0.05800000000000061,-5.509502115882793,0.15559698502149433,1.4875118838052617
8.879999999999987,-0.05600000000000066,-10.345049340011109,0.16742028876684711,1.4806853803232676
8.919999999999986,-0.054000000000000714,-15.492839708254918,0.18007921435725893,1.4733764112136296
8.959999999999985,-0.05200000000000071,-20.968237368351573,0.1936230386864645,1.4655565258226317
8.999999999999984,-0.050000000000000766,-26.786495068624014,0.20810243103006304,1.457196469672038
9.039999999999983,-0.04800000000000082,-32.9625902414976,0.2235692414059817,1.4482663066665489
9.079999999999982,-0.046000000000000874,-39.5110367650223,0.24007624123740007,1.4387355688412513
9.119999999999981,-0.04400000000000093,-46.4456712761955,0.25767681191763675,1.428573436189653
9.15999999999998,-0.042000000000000925,-53.77941332368478,0.2764245771512175,1.417748948954206
9.19999999999998,-0.04000000000000098,-61.5239991980925,0.29637297541206753,1.406231254491692
9.239999999999979,-0.03800000000000103,-69.6896899627214,0.31757476955193714,1.393989890426127
9.279999999999978,-0.03600000000000109,-78.2849550622957,0.340081491542199,1.3809951052532417
9.319999999999977,-0.03400000000000114,-87.3161338833066,0.3639428215692394,1.367218216846244
9.359999999999976,-0.03200000000000114,-96.78707880661558,0.38920590225075363,1.3526320084192374
9.399999999999975,-0.030000000000001192,-106.69878460088171,0.41591459061086855,1.3372111604245425
9.439999999999975,-0.028000000000001246,-117.04901042761051,0.4441086526462622,1.3209327155931831
9.479999999999974,-0.0260000000000013,-127.83190224222469,0.47382290781592795,1.303776572884033
9.519999999999973,-0.024000000000001354,-139.03762490662237,0.5050863335550084,1.2857260045090253
9.559999999999972,-0.022000000000001352,-150.65201482600904,0.5379211428837912,1.266768188486641
9.599999999999971,-0.020000000000001406,-162.6562652746432,0.5723418512639394,1.2468947473970333
9.63999999999997,-0.01800000000000146,-175.02665770460618,0.6083543519230381,1.226102282240262
9.67999999999997,-0.016000000000001513,-187.7343530986863,0.6459550217741052,1.2043928886216473
9.719999999999969,-0.014000000000001567,-200.74525773011632,0.6851298826217421,1.181774641007468
9.759999999999968,-0.012000000000001565,-214.0199774124275,0.7258538443743646,1.1582620296237163
9.799999999999967,-0.010000000000001619,-227.5138733350381,0.7680900582664388,1.1338763338293176
9.839999999999966,-0.008000000000001672,-241.17723083767652,0.8117894084335393,1.1086459155999495
9.879999999999965,-0.006000000000001726,-254.9555499076812,0.8568901693940657,1.0826064172145575
9.919999999999964,-0.00400000000000178,-268.7899628174447,0.9033178549308805,1.055800848426853
9.959999999999964,-0.002000000000001778,-282.61778019975793,0.9509852804472074,1.0282795503785391
9.999999999999963,-1.8318679906315083e-15,-296.3731621385754,0.9997928560820091,1.000100026276555
10.039999999999962,0.0019999999999981144,-309.9879057010063,1.0496291217874645,0.9713266323689419
10.079999999999961,0.003999999999998116,-323.3923350415059,1.1003715283684177,0.9420301269128956
10.11999999999996,0.005999999999998007,-336.51627503567806,1.151887460431375,0.9122870794778938
10.15999999999996,0.007999999999998009,-349.2900847157792,1.204035488647214,0.8821791478595383
10.199999999999958,0.0099999999999979,-361.64572288181625,1.2566668301253352,0.8517922348486974
10.239999999999958,0.011999999999997901,-373.5178154777674,1.3096269874980786,0.8212155418340124
10.279999999999957,0.013999999999997903,-384.84469287461684,1.3627575300004928,0.7905405404380667
10.319999999999956,0.015999999999997794,-395.56936529745076,1.4158979738503985,0.7598598868396196
10.359999999999955,0.017999999999997796,-405.64040625886656,1.4688877149661246,0.7292663058974962
10.399999999999954,0.019999999999997686,-415.01271704326683,1.521567964782274,0.6988514735055729
10.439999999999953,0.021999999999997688,-423.64814980963746,1.573783639787717,0.6687049256860401
10.479999999999952,0.02399999999999769,-431.51597247463826,1.6253851574234923,0.6389130217647915
10.519999999999952,0.02599999999999758,-438.5931648988248,1.6762300950089415,0.6095579866448717
10.55999999999995,0.027999999999997582,-444.86454258717265,1.7261846741489533,0.5807170538535101
10.59999999999995,0.029999999999997473,-450.32271075029433,1.7751250402455572,0.5524617268978956
10.639999999999949,0.031999999999997475,-454.9678577679051,1.822938314851996,0.5248571717793361
10.679999999999948,0.03399999999999748,-458.8074025112246,1.8695234071899591,0.4979617485601204
10.719999999999947,0.03599999999999737,-461.8555143714105,1.914791579728069,0.47182668492523056
10.759999999999946,0.03799999999999737,-464.13252802161844,1.9586667708562184,0.4464958899836171
10.799999999999946,0.03999999999999726,-465.6642768725112,2.001085685017671,0.4220059023236465
10.839999999999945,0.04199999999999726,-466.481369852466,2.0419976668966275,0.39838596273752946
10.879999999999944,0.043999999999997264,-466.6184356802232,2.0813643812170737,0.37565819916749055
10.919999999999943,0.045999999999997154,-466.1133573477421,2.119159323301002,0.3538379093529751
10.959999999999942,0.047999999999997156,-465.00651729683426,2.155367187761558,0.33293392537272276
10.999999999999941,0.04999999999999705,-463.34007098256103,2.189983123647708,0.31294904373272936
11.03999999999994,0.05199999999999705,-461.15726337991583,2.2230119041494714,0.29388050477142524
11.07999999999994,0.05399999999999705,-458.50179972808075,2.2544670377947544,0.27572050583388996
11.119999999999939,0.05599999999999694,-455.4172785764555,2.284369846121702,0.2584567337914205
11.159999999999938,0.05799999999999694,-451.9466921715922,2.3127485303002646,0.24207290393226072
11.199999999999937,0.059999999999996834,-448.13199648704074,2.339637246302179,0.22654929390904396
11.239999999999936,0.061999999999996835,-444.013750827871,2.3650752051598722,0.21186326319450216
11.279999999999935,0.06399999999999684,-439.6308249858401,2.3891058117667057,0.19798975027993296
11.319999999999935,0.06599999999999673,-435.0201703704026,2.4117758526798,0.18490174157781228
11.359999999999934,0.06799999999999673,-430.2166503959672,2.433134740588542,0.1725707076053909
11.399999999999933,0.06999999999999662,-425.25292462426074,2.453233820574607,0.16096700349088233
11.439999999999932,0.07199999999999662,-420.15938070636236,2.4721257410550175,0.15006023213372782
11.479999999999931,0.07399999999999662,-414.9641079959734,2.4898638903879604,0.1398195694540504
11.51999999999993,0.07599999999999651,-409.6929067458726,2.5065018985340166,0.13021405208259684
11.55999999999993,0.07799999999999652,-404.36932703174097,2.522093201890672,0.1212128285783188
11.599999999999929,0.07999999999999641,-399.01473189450405,2.53669066843373,0.11278537582889997
11.639999999999928,0.08199999999999641,-393.6483796450261,2.550346279576824,0.10490168270650885
11.679999999999927,0.08399999999999641,-388.2875207609402,2.5631108646674368,0.09753240333548993
11.719999999999926,0.0859999999999963,-382.9475053421234,2.575033883741293,0.09064898249982073
11.759999999999925,0.0879999999999963,-377.64189760357254,2.586163254023691,0.08422375579507528
11.799999999999924,0.0899999999999962,-372.38259440525195,2.5965452156651296,0.07823002713026128
11.839999999999923,0.0919999999999962,-367.1799452922793,2.606224232301111,0.07264212612568345
11.879999999999923,0.0939999999999962,-362.04287196892807,2.6152429222067224,0.06743544784859257
11.919999999999922,0.09599999999999609,-356.97898553045127,2.6236420160538345,0.06258647719141387
11.959999999999921,0.09799999999999609,-351.9947001377215,2.6314603375536256,0.0580728000386118
11.99999999999992,0.09999999999999598,-347.09534213397495,2.6387348035645033,0.05387310319657586
12.03999999999992,0.10199999999999598,-342.2852538721898,2.6455004405527975,0.049967164883478084
12.079999999999918,0.10399999999999598,-337.5678917584205,2.65179041460108,0.046335837398527965
12.119999999999918,0.10599999999999588,-332.9459182019397,2.657636072459263,0.04296102341668112
12.159999999999917,0.10799999999999588,-328.42128733068273,2.66306699142116,0.03982564718885547
12.199999999999916,0.10999999999999588,-323.9953244515872,2.6681110360802087,0.0369136217712379
12.239999999999915,0.11199999999999577,-319.6687993455424,2.6727944202701246,0.03420981326175401
12.279999999999914,0.11399999999999577,-315.4419935595018,2.6771417727279045,0.03170000288802137
12.319999999999913,0.11599999999999566,-311.31476192295906,2.681176205227442,0.029370847669396436
12.359999999999912,0.11799999999999566,-307.28658855594676,2.684919382122114,0.027209840265979654
12.399999999999912,0.11999999999999567,-303.3566376671526,2.688391590404662,0.025205268529315504
12.43999999999991,0.12199999999999556,-299.5237994583713,2.691611809543555,0.02334617518243898
12.47999999999991,0.12399999999999556,-295.7867314589289,2.694597780487891,0.021622317980210158
12.519999999999909,0.12599999999999545,-292.1438956174369,2.6973660733491527,0.020024130633765097
12.559999999999908,0.12799999999999545,-288.59359147167356,2.6999321533691556,0.01854268472458962
12.599999999999907,0.12999999999999545,-285.13398571163265,2.702310444870721,0.017169652783390162
12.639999999999906,0.13199999999999534,-281.76313843610257,2.7045143929623587,0.01589727266577808
12.679999999999906,0.13399999999999535,-278.47902639052785,2.706556522831886,0.01471831332005107
12.719999999999905,0.13599999999999524,-275.27956345839704,2.7084484965176663,0.01362604201131314
12.759999999999904,0.13799999999999524,-272.16261866131765,2.710201167091249,0.012614193040151423
12.799999999999903,0.13999999999999524,-269.1260319062791,2.7118246302226265,0.011676937972469275
12.839999999999902,0.14199999999999513,-266.1676277000222,2.713328273130159,0.01080885737928514
12.879999999999901,0.14399999999999513,-263.28522703800587,2.714720820942247,0.010004914070843866
12.9199999999999,0.14599999999999502,-260.4766576529928,2.716010380517955,0.009260427797787242
12.9599999999999,0.14799999999999502,-257.73976279786166,2.717204481789617,0.008571051382983927
12.999999999999899,0.14999999999999503,-255.07240872019008,2.7183101167026673,0.00793274824056963
13.039999999999898,0.15199999999999492,-252.472490971883,2.719333775837101,0.007341771233468253
13.079999999999897,0.15399999999999492,-249.93793968474554,2.720281482801503,0.006794642816881891
13.119999999999896,0.1559999999999948,-247.4667239304495,2.721158826494993,0.006288136412703848
13.159999999999895,0.1579999999999948,-245.05685527190474,2.721970991335013,0.00581925895831154
13.199999999999894,0.1599999999999948,-242.7063906022038,2.722722785550009,0.005385234572556905
13.239999999999894,0.1619999999999947,-240.41343435856186,2.723418667635944,0.004983489281826834
13.279999999999893,0.1639999999999947,-238.17614018855275,2.724062771074524,0.004611636749665488
13.319999999999892,0.1659999999999946,-235.9927121392067,2.724658927409167,0.0042674649545164575
13.359999999999891,0.1679999999999946,-233.8614054310048,2.7252106877722917,0.003948923761556982
13.39999999999989,0.1699999999999946,-231.78052687272742,2.725721342954595,0.0036541133362801414
13.43999999999989,0.1719999999999945,-229.74843496692728,2.7261939421037287,0.0033812733493594747
13.479999999999889,0.1739999999999945,-227.76353975037426,2.726631310136281,0.0031287729243507844
13.519999999999888,0.17599999999999438,-225.82430240827668,2.7270360639433293,0.0028951012818969374
13.559999999999887,0.17799999999999438,-223.9292346977353,2.7274106274660666,0.0026788590362638812
13.599999999999886,0.1799999999999944,-222.07689821049087,2.7277572457142303,0.0024787501022196378
13.639999999999885,0.18199999999999428,-220.26590350256177,2.728077997796302,0.002293574172443005
13.679999999999884,0.18399999999999428,-218.49490911448572,2.7283748090267075,0.0021222197277976154
13.719999999999883,0.18599999999999417,-216.76262050314682,2.7286494621716173,0.001963657544910888
13.759999999999883,0.18799999999999417,-215.06778890346672,2.728903607891399,0.0018169346675441862
13.799999999999882,0.18999999999999417,-213.40921013610665,2.729138774434336,0.001681168810221511
13.83999999999988,0.19199999999999406,-211.78572337533458,2.729356376632933,0.0015555431644901255
13.87999999999988,0.19399999999999407,-210.19620988867962,2.729557724250955,0.0014393015800150757
13.91999999999988,0.19599999999999396,-208.6395917593737,2.7297440297263296,0.0013317440944558734
13.959999999999878,0.19799999999999396,-207.11483060044438,2.729916415352149,0.0012322227877365826
13.999999999999877,0.19999999999999396,-205.6209262680177,2.73007591993529,0.001140137937900303
14.039999999999877,0.20199999999999385,-204.15691558083438,2.7302235049695636,0.0010549344572348776
14.079999999999876,0.20399999999999385,-202.7218710511803,2.730360060357858,0.00097609858877122
14.119999999999875,0.20599999999999374,-201.31489963215986,2.7304864097154415,0.0009031548445898229
14.159999999999874,0.20799999999999375,-199.93514148530218,2.7306033152843923,0.0008356631686274532
14.199999999999873,0.20999999999999375,-198.58176877147233,2.730711482487101,0.0007732163078577626
14.239999999999872,0.21199999999999364,-197.25398446801987,2.7308115641448443,0.0007154373768287312
14.279999999999871,0.21399999999999364,-195.951021214034,2.7309041643856546,0.000661977601580352
14.31999999999987,0.21599999999999353,-194.67214018560458,2.7309898422639898,0.0006125142299404319
14.35999999999987,0.21799999999999353,-193.41663000200103,2.7310691151131614,0.0005667485961081359
14.399999999999869,0.21999999999999353,-192.1838056640479,2.7311424616499758,0.0005244043282874483
14.439999999999868,0.22199999999999342,-190.97300752500368,2.731210324849677,0.00048522568892875626
14.479999999999867,0.22399999999999343,-189.78360029437334,2.731273114608,0.00044897603787989694
14.519999999999866,0.22599999999999332,-188.61497207486678,2.731331210205916,0.0004154364094409834
14.559999999999865,0.22799999999999332,-187.46653343222366,2.7313849625915703,0.0003844041949631326
14.599999999999865,0.22999999999999332,-186.33771649795065,2.7314346964928307,0.00035569192323291773
14.639999999999864,0.2319999999999932,-185.22797410425127,2.7314807123729348,0.00032912613144432147
14.679999999999863,0.2339999999999932,-184.13677895104877,2.731523288240786,0.00030454632008116014
14.719999999999862,0.2359999999999931,-183.06362280418014,2.731562681326631,0.00028180398551760227
14.759999999999861,0.2379999999999931,-182.00801572430407,2.731599129633066,0.00026076172459495937
14.79999999999986,0.2399999999999931,-180.96948532580197,2.7316328533705896,0.00024129240585171535
14.83999999999986,0.241999999999993,-179.9475760647758,2.7316640562862453,0.00022327840247269356
14.879999999999859,0.243999999999993,-178.94184855548932,2.731692926893284,0.00020661088238454846
14.919999999999858,0.2459999999999929,-177.95187891434588,2.731719639609175,0.00019118915126014482
14.959999999999857,0.2479999999999929,-176.9772581305293,2.731744355808775,0.000176920044505644
14.999999999999856,0.2499999999999929,-176.01759146252365,2.7317672247989515,0.00016371736459300313
15.039999999999855,0.2519999999999928,-175.07249785957248,2.7317883847204985,0.00015150136036850632
15.079999999999854,0.2539999999999928,-174.14160940725995,2.7318079633827446,0.000140198245216503
15.119999999999854,0.2559999999999927,-173.22457079630968,2.731826079035873,0.0001297397511879888
15.159999999999853,0.2579999999999927,-172.32103881380934,2.7318428410855713,0.00012006271641731674
15.199999999999852,0.2599999999999927,-171.4306818559221,2.7318583507543264,0.00011110870334842699
15.239999999999851,0.26199999999999257,-170.55317946139314,2.7318727016933155,0.00010282364547553606
15.27999999999985,0.2639999999999926,-169.68822186487307,2.7318859805485984,9.51575204733701e-05
15.31999999999985,0.26599999999999246,-168.83550956946286,2.7318982674849965,8.806404774966149e-05
15.359999999999848,0.26799999999999247,-167.99475293749916,2.7319096366708324,8.150040859866215e-05
15.399999999999848,0.26999999999999247,-167.1656717990112,2.731920156726434,7.542698726974075e-05
15.439999999999847,0.27199999999999236,-166.34799507700524,2.7319298911391208,6.980713139043068e-05
15.479999999999846,0.27399999999999236,-165.54146042893296,2.7319388986471593,6.460693029937726e-05
15.519999999999845,0.27599999999999225,-164.7458139035964,2.731947233595022,5.97950099521234e-05
15.559999999999844,0.27799999999999225,-163.9608096129226,2.7319549462620722,5.534234316220601e-05
15.599999999999843,0.27999999999999226,-163.18620941786983,2.7319620831666813,5.122207403221972e-05
15.639999999999842,0.28199999999999215,-162.4217826279296,2.731968687347592,4.740935551483334e-05
15.679999999999842,0.28399999999999215,-161.66730571358335,2.731974798624245,4.3881199122764076e-05
15.71999999999984,0.28599999999999204,-160.9225620311703,2.7319804538376338,4.0616335879862117e-05
15.75999999999984,0.28799999999999204,-160.18734155961982,2.7319856870731387,3.759508767316742e-05
15.799999999999839,0.28999999999999204,-159.46144064850117,2.7319905298666978,3.479924822849326e-05
15.839999999999838,0.29199999999999193,-158.74466177691784,2.7319950113955485,3.221197299010446e-05
15.879999999999837,0.29399999999999193,-158.03681332273143,2.731999158654706,2.9817677238768245e-05
15.919999999999837,0.2959999999999918,-157.33770934169056,2.7320029966202304,2.76019418321655e-05
15.959999999999836,0.2979999999999918,-156.64716935596775,2.7320065484002867,2.555142599764914e-05
15.999999999999835,0.29999999999999183,-155.96501815174983,2.7320098353748956,2.365378664992407e-05
16.039999999999836,0.30199999999999183,-155.2910855853886,2.732012877325232,2.1897603745621294e-05
16.079999999999835,0.30399999999999183,-154.62520639783494,2.732015692553246,2.0272311223210335e-05
16.119999999999834,0.3059999999999917,-153.9672200368449,2.7320182979923358,1.8768133110440812e-05
16.159999999999833,0.3079999999999917,-153.31697048675372,2.7320207093097353,1.7376024412733043e-05
16.199999999999832,0.3099999999999916,-152.67430610535223,2.732022941001246,1.608761642483907e-05
16.23999999999983,0.3119999999999916,-152.0390794676158,2.732025006478873,1.4895166134834765e-05
16.27999999999983,0.3139999999999916,-151.4111472159584,2.7320269181519095,1.3791509414253016e-05
16.31999999999983,0.3159999999999915,-150.79036991670097,2.732028687501948,1.2770017711062024e-05
16.35999999999983,0.3179999999999915,-150.1766119224886,2.7320303251522846,1.1824557983382478e-05
16.399999999999828,0.3199999999999914,-149.56974124039343,2.7320318409321236,1.09494556314413e-05
16.439999999999827,0.3219999999999914,-148.96962940542508,2.73203324393598,1.013946020339786e-05
16.479999999999826,0.3239999999999914,-148.37615135921936,2.7320345425786385,9.38971366746479e-06
16.519999999999825,0.3259999999999913,-147.7891853336749,2.732035744645998,8.69572105827261e-06
16.559999999999825,0.3279999999999913,-147.20861273930433,2.73203685734211,8.053323319797348e-06
16.599999999999824,0.3299999999999912,-146.6343180580941,2.732037887332701,7.458672180464328e-06
16.639999999999823,0.3319999999999912,-146.06618874067544,2.732038840785433,6.908206908340579e-06
16.679999999999822,0.3339999999999912,-145.5041151075966,2.7320397234071567,6.398632805710093e-06
16.71999999999982,0.3359999999999911,-144.94799025453847,2.7320405404783736,5.926901312853948e-06
16.75999999999982,0.3379999999999911,-144.39770996127578,2.7320412968851207,5.490191600599943e-06
16.79999999999982,0.339999999999991,-143.8531726042369,2.732041997148467,5.085893540219196e-06
16.83999999999982,0.341999999999991,-143.31427907246962,2.7320426454518096,4.711591947585243e-06
16.879999999999818,0.343999999999991,-142.7809326869148,2.7320432456661177,4.365052006227177e-06
16.919999999999817,0.34599999999999087,-142.25303912279026,2.732043801373296,4.04420578104489e-06
16.959999999999816,0.34799999999999087,-141.73050633498013,2.732044315887798,3.7471397410588524e-06
16.999999999999815,0.34999999999999076,-141.213244486287,2.732044792276617,3.4720832156762325e-06
17.039999999999814,0.35199999999999076,-140.701165878421,2.73204523337779,3.217397714606982e-06
17.079999999999814,0.35399999999999077,-140.19418488561394,2.732045641817511,2.9815670467936403e-06
17.119999999999813,0.35599999999999066,-139.6922178907333,2.732046020025967,2.7631881785557974e-06
17.159999999999812,0.35799999999999066,-139.19518322380296,2.7320463702519877,2.5609627756266065e-06
17.19999999999981,0.35999999999999055,-138.7030011028118,2.732046694576599,2.3736893778995144e-06
17.23999999999981,0.36199999999999055,-138.2155935767236,2.7320469949255655,2.2002561595341426e-06
17.27999999999981,0.36399999999999055,-137.73288447059048,2.7320472730809917,2.039634230614949e-06
17.31999999999981,0.36599999999999044,-137.25479933267385,2.7320475306920575,1.8908714398348298e-06
17.359999999999808,0.36799999999999045,-136.78126538350315,2.7320477692849487,1.7530866407096652e-06
17.399999999999807,0.36999999999999034,-136.3122114667758,2.7320479902720467,1.6254643866362574e-06
17.439999999999806,0.37199999999999034,-135.84756800202726,2.73204819496043,1.5072500227022885e-06
17.479999999999805,0.37399999999999034,-135.3872669389981,2.7320483845597403,1.3977451445593565e-06
17.519999999999804,0.37599999999999023,-134.931241713625,2.7320485601894595,1.296303396892025e-06
17.559999999999803,0.37799999999999023,-134.4794272055927,2.732048722885643,1.2023265860719756e-06
17.599999999999802,0.3799999999999901,-134.03175969737353,2.732048873607151,1.1152610834882905e-06
17.6399999999998,0.3819999999999901,-133.58817683470545,2.7320490132414106,1.0345944978044097e-06
17.6799999999998,0.3839999999999901,-133.1486175884395,2.73204914260975,9.598525960204125e-07
17.7199999999998,0.38599999999999,-132.7130222177057,2.7320492624723345,8.905964547251115e-07
17.7599999999998,0.38799999999999,-132.28133223434753,2.732049373532728,8.264198243158804e-07
17.799999999999798,0.3899999999999899,-131.85349036856374,2.7320494764421195,7.669466902531283e-07
17.839999999999797,0.3919999999999899,-131.4294405357196,2.732049571803233,7.118290166087391e-07
17.879999999999797,0.3939999999999899,-131.0091278042754,2.732049660173942,6.607446582711964e-07
17.919999999999796,0.3959999999999898,-130.59249836478875,2.732049742070615,6.133954291906093e-07
17.959999999999795,0.3979999999999898,-130.17949949994934,2.7320498179712125,5.695053149912081e-07
17.999999999999794,0.3999999999999897,-129.77007955560458,2.7320498883181514,5.288188191524248e-07
18.039999999999793,0.4019999999999897,-129.3641879127374,2.732049953520955,4.910994327677803e-07
18.079999999999792,0.4039999999999897,-128.9617749603599,2.7320500139587067,4.561282186385847e-07
18.11999999999979,0.4059999999999896,-128.5627920692896,2.732050069982318,4.2370250115105507e-07
18.15999999999979,0.4079999999999896,-128.16719156676615,2.732050121916628,3.936346540254499e-07
18.19999999999979,0.4099999999999895,-127.77492671188733,2.7320501700623487,3.6575097861784087e-07
18.23999999999979,0.4119999999999895,-127.38595167182704,2.732050214697859,3.3989066600280155e-07
18.279999999999788,0.4139999999999895,-127.00022149880462,2.7320502560808717,3.1590483657208577e-07
18.319999999999787,0.4159999999999894,-126.61769210778047,2.73205029444997,2.936556513530614e-07
18.359999999999786,0.4179999999999894,-126.23832025485048,2.732050330026033,2.730154896844423e-07
18.399999999999785,0.41999999999998927,-125.86206351631037,2.7320503630135544,2.53866188288033e-07
18.439999999999785,0.4219999999999893,-125.48888026836833,2.732050393601861,2.3609833714642823e-07
18.479999999999784,0.4239999999999893,-125.11872966748123,2.732050421966241,2.1961062794001828e-07
18.519999999999783,0.42599999999998917,-124.75157163129012,2.732050448268989,2.0430925111436582e-07
18.559999999999782,0.42799999999998917,-124.3873668201344,2.7320504726603727,1.9010733794293502e-07
18.59999999999978,0.42999999999998906,-124.02607661912533,2.732050495279525,1.7692444422212933e-07
18.63999999999978,0.43199999999998906,-123.66766312075404,2.732050516255274,1.6468607248710675e-07
18.67999999999978,0.43399999999998906,-123.31208910802073,2.7320505357069083,1.5332322986967333e-07
18.71999999999978,0.43599999999998895,-122.959318038062,2.732050553744884,1.4277201893481054e-07
18.759999999999778,0.43799999999998895,-122.60931402626026,2.7320505704714813,1.3297325903167082e-07
18.799999999999777,0.43999999999998884,-122.26204183082008,2.7320505859814124,1.2387213587914555e-07
18.839999999999776,0.44199999999998885,-121.91746683779037,2.7320506003623826,1.1541787727664116e-07
18.879999999999775,0.44399999999998885,-121.57555504652315,2.732050613695608,1.0756345298845061e-07
18.919999999999774,0.44599999999998874,-121.23627305554758,2.7320506260563007,1.0026529699605926e-07
18.959999999999773,0.44799999999998874,-120.89958804885048,2.732050637514109,9.348305044774399e-08
18.999999999999773,0.44999999999998863,-120.56546778254427,2.732050648133534,8.717932375976903e-08
19.03999999999977,0.45199999999998863,-120.23388057191339,2.7320506579743067,8.131947643902842e-08
19.07999999999977,0.45399999999998863,-119.90479527882493,2.7320506670917446,7.587141330395009e-08
19.11999999999977,0.4559999999999885,-119.57818129948933,2.732050675537075,7.080539587936985e-08
19.15999999999977,0.4579999999999885,-119.2540085525624,2.73205068335774,6.609386783263898e-08
19.19999999999977,0.4599999999999884,-118.93224746757555,2.732050690597674,6.17112934028905e-08
19.239999999999768,0.4619999999999884,-118.61286897368362,2.7320506972975642,5.7634007853740374e-08
19.279999999999767,0.4639999999999884,-118.29584448872028,2.7320507034950903,5.3840079052181266e-08
19.319999999999766,0.4659999999999883,-117.98114590855083,2.732050709225144,5.030917934348802e-08
19.359999999999765,0.4679999999999883,-117.66874559671153,2.732050714520038,4.7022466953993573e-08
19.399999999999764,0.4699999999999882,-117.35861637432845,2.732050719409692,4.396247621100758e-08
19.439999999999763,0.4719999999999882,-117.05073151030501,2.732050723921812,4.111301592224297e-08
19.479999999999762,0.4739999999999882,-116.74506471176998,2.732050728082051,3.845907530627122e-08
19.51999999999976,0.4759999999999881,-116.44159011477814,2.732050731914162,3.598673691097151e-08
19.55999999999976,0.4779999999999881,-116.14028227525519,2.732050735440133,3.368309599901393e-08
19.59999999999976,0.479999999999988,-115.84111616017937,2.7320507386803214,3.15361859183249e-08
19.63999999999976,0.481999999999988,-115.54406713899242,2.73205074165357,2.9534909011492143e-08
19.679999999999758,0.483999999999988,-115.24911097523173,2.7320507443773208,2.7668972651378735e-08
19.719999999999757,0.4859999999999879,-114.95622381837966,2.732050746867712,2.592883002103933e-08
19.759999999999756,0.4879999999999879,-114.66538219591943,2.73205074913968,2.4305625284546093e-08
19.799999999999756,0.4899999999999878,-114.37656300559392,2.7320507512070416,2.279114282172339e-08
19.839999999999755,0.4919999999999878,-114.0897435078608,2.732050753082577,2.137776022419483e-08
19.879999999999754,0.4939999999999878,-113.80490131853745,2.732050754778106,2.0058404772743175e-08
19.919999999999753,0.4959999999999877,-113.52201440163003,2.7320507563045564,1.8826513136874328e-08
19.959999999999752,0.4979999999999877,-113.24106106234149,2.7320507576720297,1.7675994056820555e-08
19.99999999999975,0.49999999999998757,-112.96201994025321,2.7320507588898595,1.6601193786105506e-08
20.03999999999975,0.4980000000000125,-112.68486460110512,2.7320507564296417,1.7640383599593984e-08
20.07999999999975,0.49600000000001254,-112.40958241840353,2.732050753821293,1.8752462776124213e-08
20.11999999999975,0.49400000000001254,-112.13615095040618,2.7320507510572796,1.994291341953362e-08
20.159999999999748,0.4920000000000126,-111.86454976133082,2.73205074812687,2.1217645854565245e-08
20.199999999999747,0.49000000000001265,-111.59475893033014,2.7320507450185176,2.2583032604826816e-08
20.239999999999746,0.4880000000000127,-111.32675889748137,2.732050741719803,2.404594518651736e-08
20.279999999999745,0.48600000000001276,-111.06053042073528,2.732050738217361,2.5613793864846914e-08
20.319999999999744,0.48400000000001275,-110.79605455687887,2.73205073449681,2.7294570606415506e-08
20.359999999999744,0.4820000000000128,-110.53331265012423,2.732050730542669,2.9096895484290626e-08
20.399999999999743,0.48000000000001286,-110.27228632375054,2.732050726338271,3.1030066814049876e-08
20.439999999999742,0.4780000000000129,-110.0129574731945,2.732050721865669,3.3104115321739334e-08
20.47999999999974,0.47600000000001297,-109.75530825992556,2.732050717105536,3.5329862669089386e-08
20.51999999999974,0.47400000000001297,-109.49932110580032,2.7320507120370525,3.771898468765143e-08
20.55999999999974,0.472000000000013,-109.24497868773992,2.7320507066377915,4.0284079701958075e-08
20.59999999999974,0.4700000000000131,-108.99226393264424,2.732050700883587,4.303874235254391e-08
20.639999999999738,0.4680000000000131,-108.74116001249472,2.7320506947483976,4.599764336288307e-08
20.679999999999737,0.4660000000000132,-108.49165033961218,2.7320506882041578,4.917661573020395e-08
20.719999999999736,0.4640000000000132,-108.24371856205114,2.7320506812206133,5.2592747858952754e-08
20.759999999999735,0.46200000000001323,-107.99734855911504,2.7320506737651504,5.62644841976245e-08
20.799999999999734,0.4600000000000133,-107.7525244369821,2.7320506658026047,6.021173398502832e-08
20.839999999999733,0.45800000000001334,-107.50923052443333,2.73205065729506,6.445598876105973e-08
20.879999999999733,0.4560000000000134,-107.26745136867775,2.732050648201624,6.902044935003723e-08
20.91999999999973,0.4540000000000134,-107.02717173126639,2.7320506384781953,7.393016308192161e-08
20.95999999999973,0.45200000000001345,-106.78837658409273,2.7320506280772032,7.921217207863685e-08
20.99999999999973,0.4500000000000135,-106.55105110547564,2.7320506169473306,8.489567349961904e-08
21.03999999999973,0.44800000000001355,-106.31518067631693,2.732050605033216,9.101219271304113e-08
21.07999999999973,0.4460000000000136,-106.08075087633588,2.732050592275125,9.759577043733704e-08
21.119999999999727,0.4440000000000136,-105.84774748037101,2.732050578608604,1.0468316498214829e-07
21.159999999999727,0.44200000000001366,-105.61615645475156,2.732050563964098,1.1231407080915445e-07
21.199999999999726,0.4400000000000137,-105.3859639537297,2.732050548266546,1.2053135473198493e-07
21.239999999999725,0.43800000000001377,-105.1571563159754,2.7320505314349326,1.2938131118112005e-07
21.279999999999724,0.4360000000000138,-104.92972006112691,2.7320505133818154,1.389139380750581e-07
21.319999999999723,0.4340000000000138,-104.70364188639613,2.7320504940128045,1.4918323496371096e-07
21.359999999999722,0.4320000000000139,-104.47890866322405,2.732050473226007,1.602475252447792e-07
21.39999999999972,0.4300000000000139,-104.25550743398371,2.7320504509114225,1.7216980439954959e-07
21.43999999999972,0.428000000000014,-104.03342540872832,2.7320504269502908,1.8501811635204348e-07
21.47999999999972,0.42600000000001403,-103.81264996197885,2.732050401214388,1.9886596022567395e-07
21.51999999999972,0.42400000000001403,-103.59316862954987,2.732050373565265,2.1379272995557875e-07
21.559999999999718,0.4220000000000141,-103.3749691054099,2.732050343853422,2.2988418941369178e-07
21.599999999999717,0.42000000000001414,-103.15803923857109,2.732050311917423,2.472329859186282e-07
21.639999999999716,0.4180000000000142,-102.94236703000608,2.732050277582931,2.659392052348336e-07
21.679999999999715,0.41600000000001425,-102.72794062958828,2.7320502406616702,2.861109714166834e-07
21.719999999999715,0.41400000000001425,-102.5147483330497,2.7320502009503036,3.0786509512474165e-07
21.759999999999714,0.4120000000000143,-102.30277857895462,2.732050158229217,3.3132777433491097e-07
21.799999999999713,0.41000000000001435,-102.09201994568369,2.7320501122612098,3.5663535167849813e-07
21.839999999999712,0.4080000000000144,-101.8824611484223,2.7320500627900755,3.8393513299414405e-07
21.87999999999971,0.40600000000001446,-101.6740910361517,2.7320500095390687,4.133862720433073e-07
21.91999999999971,0.40400000000001446,-101.46689858863519,2.732049952209251,4.451607267417072e-07
21.95999999999971,0.4020000000000145,-101.26087291339452,2.7320498904776978,4.794442926922671e-07
21.99999999999971,0.40000000000001457,-101.05600324267249,2.732049823995566,5.164377202733427e-07
22.039999999999708,0.3980000000000146,-100.85227893037309,2.732049752386001,5.563579220420925e-07
22.079999999999707,0.3960000000000147,-100.64968944897511,2.7320496752418766,5.994392777599541e-07
22.119999999999706,0.39400000000001467,-100.4482243864125,2.7320495921233525,6.459350449385301e-07
22.159999999999705,0.3920000000000147,-100.24787344291069,2.7320495025552316,6.961188834433938e-07
22.199999999999704,0.3900000000000148,-100.04862642777836,2.732049406024108,7.502865033843191e-07
22.239999999999704,0.38800000000001483,-99.85047325613762,2.7320493019752807,8.087574462672657e-07
22.279999999999703,0.3860000000000149,-99.65340394559128,2.7320491898094197,8.718770101908371e-07
22.319999999999702,0.3840000000000149,-99.45740861281486,2.7320490688789603,9.40018330742576e-07
22.3599999999997,0.38200000000001494,-99.26247747006325,2.732048938484209,1.0135846301937802e-06
22.3999999999997,0.380000000000015,-99.06860082158047,2.732048797869131,1.0930116486112057e-06
22.4399999999997,0.37800000000001505,-98.87576905990376,2.732048646216802,1.1787702716061716e-06
22.4799999999997,0.3760000000000151,-98.68397266204897,2.732048482644484,1.2713693706330335e-06
22.519999999999698,0.3740000000000151,-98.49320218555995,2.7320483061983127,1.3713588730367819e-06
22.559999999999697,0.37200000000001515,-98.30344826441603,2.732048115847546,1.4793330804415927e-06
22.599999999999696,0.3700000000000152,-98.11470160477103,2.7320479104783537,1.5959342555769145e-06
22.639999999999695,0.3680000000000152,-97.92695298052102,2.7320476888871026,1.7218564992641272e-06
22.679999999999694,0.3660000000000153,-97.74019322866845,2.7320474497730967,1.8578499410449912e-06
22.719999999999693,0.3640000000000153,-97.55441324447719,2.7320471917307336,2.004725268833618e-06
22.759999999999692,0.36200000000001537,-97.36960397639122,2.732046913241023,2.163358625027719e-06
22.79999999999969,0.3600000000000154,-97.18575642068596,2.7320466126624208,2.3346968987357055e-06
22.83999999999969,0.3580000000000154,-97.00286161585464,2.7320462882209227,2.5197634461760932e-06
22.87999999999969,0.3560000000000155,-96.82091063667191,2.732045937999354,2.719664273900277e-06
22.91999999999969,0.3540000000000155,-96.63989458793192,2.732045559925792,2.935594722294153e-06
22.959999999999688,0.3520000000000156,-96.45980459781823,2.7320451517610564,3.1688466898451406e-06
22.999999999999687,0.35000000000001563,-96.28063181087475,2.7320447110851838,3.420816441938163e-06
23.039999999999687,0.34800000000001563,-96.10236738054947,2.7320442352828076,3.693013051485514e-06
23.079999999999686,0.34600000000001574,-95.92500246126608,2.7320437215273565,3.9870675225240746e-06
23.119999999999685,0.34400000000001574,-95.74852819998543,2.732043166763975,4.304742652051528e-06
23.159999999999684,0.3420000000000158,-95.572935727213,2.7320425676910594,4.647943689845695e-06
23.199999999999683,0.34000000000001585,-95.39821614741106,2.7320419207403015,5.018729860846551e-06
23.239999999999682,0.33800000000001584,-95.2243605287489,2.7320412220551185,5.419326819905759e-06
23.27999999999968,0.33600000000001595,-95.05135989215913,2.732040467467335,5.852140114357553e-06
23.31999999999968,0.33400000000001595,-94.87920519961712,2.7320396524719786,6.319769735970766e-06
23.35999999999968,0.332000000000016,-94.70788734159271,2.732038772200038,6.825025850440218e-06
23.39999999999968,0.33000000000001606,-94.5373971236094,2.732037821389016,7.370945799710552e-06
23.439999999999678,0.32800000000001606,-94.36772525181928,2.7320367943510973,7.96081248013435e-06
23.479999999999677,0.32600000000001617,-94.19886231752615,2.7320356849387437,8.59817420780087e-06
23.519999999999676,0.32400000000001616,-94.03079878057008,2.732034486507503,9.286866191379865e-06
23.559999999999675,0.3220000000000162,-93.86352495146687,2.7320331918758094,1.0031033742559224e-05
23.599999999999675,0.32000000000001627,-93.6970309722152,2.732031793281531,1.083515736468088e-05
23.639999999999674,0.31800000000001627,-93.53130679565014,2.7320302823349993,1.1704079871551035e-05
23.679999999999673,0.3160000000000164,-93.36634216322736,2.732028649968243,1.2643035700695142e-05
23.719999999999672,0.3140000000000164,-93.20212658111552,2.7320268863801065,1.3657682598615642e-05
23.75999999999967,0.31200000000001643,-93.038649294443,2.7320249809769335,1.4754135869968425e-05
23.79999999999967,0.3100000000000165,-92.87589925956726,2.7320229223084476,1.5939005398099073e-05
23.83999999999967,0.3080000000000165,-92.71386511419098,2.732020697998447,1.721943566115082e-05
23.87999999999967,0.3060000000000166,-92.55253514514985,2.7320182946698885,1.8603148986088143e-05
23.919999999999668,0.3040000000000166,-92.39189725368988,2.732015697863913,2.0098492302575174e-05
23.959999999999667,0.30200000000001664,-92.23193891802987,2.7320128919523152,2.1714487679820185e-05
23.999999999999666,0.3000000000000167,-92.07264715297634,2.732009860042936,2.346088695238913e-05
24.039999999999665,0.2980000000000167,-91.9140084663542,2.7320065838773964,2.5348230765718487e-05
24.079999999999664,0.2960000000000168,-91.75600881200958,2.73200304372056,2.7387912398789907e-05
24.119999999999663,0.2940000000000168,-91.59863353909617,2.731999218241049,2.9592246750313752e-05
24.159999999999663,0.29200000000001686,-91.44186733732597,2.7319950843820995,3.197454490597933e-05
24.199999999999662,0.2900000000000169,-91.28569417788441,2.731990617221963,3.454919473806733e-05
24.23999999999966,0.2880000000000169,-91.13009724964378,2.731985789823022,3.733174802516174e-05
24.27999999999966,0.286000000000017,-90.9750588903052,2.7319805730686917,4.0339014619089516e-05
24.31999999999966,0.284000000000017,-90.82056051203747,2.7319749354871368,4.3589164228773944e-05
24.35999999999966,0.28200000000001707,-90.66658252116716,2.7319688430607285,4.7101836436665924e-05
24.399999999999658,0.2800000000000171,-90.51310423149359,2.7319622590200856,5.089825961311097e-05
24.439999999999657,0.2780000000000171,-90.36010377061082,2.7319551436214664,5.5001379447678144e-05
24.479999999999656,0.27600000000001723,-90.2075579787882,2.7319474539061517,5.9435997874478614e-05
24.519999999999655,0.27400000000001723,-90.0554422996863,2.73193914344038,6.422892323115339e-05
24.559999999999654,0.2720000000000173,-89.9037306623644,2.7319301620342458,6.940913255888702e-05
24.599999999999653,0.27000000000001734,-89.75239535379944,2.731920455437877,7.500794702392623e-05
24.639999999999652,0.26800000000001734,-89.60140688115172,2.731909965013052,8.105922152004676e-05
24.67999999999965,0.26600000000001744,-89.45073382301379,2.7318986273782717,8.759954959671745e-05
24.71999999999965,0.26400000000001744,-89.3003426686621,2.7318863740251453,9.466848494983819e-05
24.75999999999965,0.2620000000000175,-89.15019764443741,2.731873130903775,0.00010230878081141384
24.79999999999965,0.26000000000001755,-89.00026052611933,2.7318588179746452,0.00011056664868197929
24.839999999999648,0.25800000000001755,-88.8504904362706,2.731843348724302,0.00011949203796559088
24.879999999999647,0.25600000000001766,-88.7008436252322,2.7318266296419167,0.00012913893819246544
24.919999999999646,0.25400000000001766,-88.55127323454572,2.731808559653574,0.00013956570564957853
24.959999999999646,0.2520000000000177,-88.40172904134535,2.7317890295108818,0.000150835416385495
24.999999999999645,0.25000000000001776,-88.25215718217267,2.7317679211302197,0.00016301624771328655
25.039999999999644,0.24800000000001782,-88.1024998545943,2.7317451068786656,0.0001761818905054116
25.079999999999643,0.24600000000001782,-87.952694994838,2.73172044880229,0.00019041199475793868
25.119999999999642,0.24400000000001787,-87.80267592950916,2.731693797792206,0.00020579265109945695
25.15999999999964,0.24200000000001792,-87.65237099928216,2.7316649926833523,0.00022241691113359408
25.19999999999964,0.24000000000001798,-87.50170315242707,2.731633859280621,0.0002403853497343955
25.23999999999964,0.23800000000001803,-87.35058950557837,2.73160020930649,0.00025980667266223604
25.27999999999964,0.23600000000001803,-87.19894086931416,2.731563839263867,0.00028079837313574855
25.319999999999638,0.23400000000001808,-87.04666123563457,2.7315245292073422,0.0003034874412839502
25.359999999999637,0.23200000000001814,-86.89364722428928,2.731482041415528,0.0003280111307138792
25.399999999999636,0.2300000000000182,-86.739787484734,2.731436118956551,0.0003545177867642488
25.439999999999635,0.22800000000001824,-86.58496205012396,2.7313864841381705,0.00038316774137670277
25.479999999999634,0.22600000000001824,-86.42904163962557,2.7313328368333045,0.0004141342799050372
25.519999999999634,0.2240000000000183,-86.2718869047778,2.7312748526710173,0.00044760468560126206
25.559999999999633,0.22200000000001835,-86.11334761572944,2.731212181082258,0.00048378136796773817
25.599999999999632,0.2200000000000184,-85.953261782287,2.7311444431887857,0.0005228830816490139
25.63999999999963,0.21800000000001846,-85.79145470491987,2.731071229522826,0.0005651462430578549
25.67999999999963,0.21600000000001846,-85.62773795004473,2.730992097564021,0.0006108263524896993
25.71999999999963,0.2140000000000185,-85.46190824365158,2.7309065690792083,0.0006601995300810413
25.75999999999963,0.21200000000001856,-85.29374627696397,2.730814127249438,0.00071356417461278
25.799999999999628,0.21000000000001862,-85.12301541713089,2.7307142135674356,0.0007712427548521365
25.839999999999627,0.20800000000001867,-84.94946031572634,2.7306062244874396,0.0008335837438694202
25.879999999999626,0.20600000000001867,-84.77280540692867,2.7304895078079574,0.0009009637075616168
25.919999999999625,0.20400000000001872,-84.59275328708492,2.7303633587665117,0.000973789559466704
25.959999999999624,0.20200000000001878,-84.40898296615977,2.7302270158238726,0.0010525009948639439
25.999999999999623,0.20000000000001883,-84.22114798176295,2.7300796561135745,0.0011375731181292874
26.039999999999623,0.19800000000001883,-84.02887436474218,2.7299203905307294,0.0012295192783548321
26.07999999999962,0.19600000000001888,-83.83175844542174,2.729748258432222,0.0013288941293499942
26.11999999999962,0.19400000000001894,-83.62936448825526,2.7295622219183167,0.0014362969313229323
26.15999999999962,0.192000000000019,-83.42122214215856,2.7293611596635525,0.0015523751127965169
26.19999999999962,0.19000000000001904,-83.20682369265735,2.7291438602624756,0.0016778281126466786
26.23999999999962,0.18800000000001904,-82.98562110124816,2.7289090150533117,0.0018134115235643945
26.279999999999617,0.1860000000000191,-82.75702281631929,2.728655210380106,0.0019599415597379107
26.319999999999617,0.18400000000001915,-82.52039033898149,2.7283809192511046,0.0021182998731303403
26.359999999999616,0.1820000000000192,-82.27503452630785,2.728084492348283,0.002289438744389856
26.399999999999615,0.18000000000001926,-82.0202116130491,2.727764148339907,0.002474386676175239
26.439999999999614,0.17800000000001925,-81.75511893196725,2.727417963444839,0.0026742544185065337
26.479999999999613,0.1760000000000193,-81.47889031222043,2.7270438601940055,0.0028902414576562297
26.519999999999612,0.17400000000001936,-81.19059113323692,2.726639595331015,0.0031236430020757794
26.55999999999961,0.17200000000001942,-80.88921301123483,2.7262027467903716,0.0033758575008980673
26.59999999999961,0.17000000000001947,-80.5736680939109,2.72573069968808,0.0036483947326596136
26.63999999999961,0.16800000000001947,-80.24278293804444,2.725220631255734,0.00394288450403341
26.67999999999961,0.16600000000001952,-79.89529194330395,2.724669494645398,0.00426108600053812
26.719999999999608,0.16400000000001957,-79.52983031562313,2.724074001528815,0.0046048978333713
26.759999999999607,0.16200000000001963,-79.1449265309166,2.723430603410744,0.004976368828676103
26.799999999999606,0.16000000000001968,-78.73899427132373,2.722735471572554,0.005377709607661877
26.839999999999606,0.15800000000001968,-78.31032380421502,2.721984475558714,0.005811305008017833
26.879999999999605,0.15600000000001973,-77.85707277428868,2.721173160115568,0.006279727398938889
26.919999999999604,0.1540000000000198,-77.3772563799959,2.720296720488858,0.006785750943765527
26.959999999999603,0.15200000000001984,-76.8687369045955,2.7193499759840107,0.0073323668656551455
26.999999999999602,0.1500000000000199,-76.32921257480388,2.718327341691356,0.007922799772770243
27.0399999999996,0.1480000000000199,-75.75620572003255,2.71722279827737,0.008560525100089178
27.0799999999996,0.14600000000001995,-75.14705020904863,2.7160298597429207,0.009249287725004827
27.1199999999996,0.14400000000002,-74.49887814204506,2.714741539050616,0.009993121813239893
27.1599999999996,0.14200000000002005,-73.80860578296317,2.713350311525917,0.010796371950116863
27.199999999999598,0.1400000000000201,-73.07291871940075,2.7118480759410586,0.011663715609694309
27.239999999999597,0.1380000000000201,-72.2882562467043,2.710226113197366,0.012600187010506256
27.279999999999596,0.13600000000002016,-71.4507949791916,2.7084750425306647,0.013611202401374705
27.319999999999595,0.13400000000002021,-70.55643170382245,2.7065847751766654,0.014702586813728328
27.359999999999594,0.13200000000002027,-69.60076550197297,2.7045444654490316,0.015880602307732097
27.399999999999594,0.13000000000002032,-68.57907918261662,2.702342459202867,0.017151977727954397
27.439999999999593,0.12800000000002032,-67.48632008518497,2.6999662396813813,0.018523939969858638
27.479999999999592,0.12600000000002037,-66.3170803357961,2.6974023707742356,0.02000424674064946
27.51999999999959,0.12400000000002043,-65.06557666139899,2.694636437753462,0.021601220776418333
27.55999999999959,0.12200000000002048,-63.72562989878709,2.6916529855978304,0.023323785451553117
27.59999999999959,0.12000000000002053,-62.29064436968535,2.688435455070221,0.025181501685385185
27.63999999999959,0.11800000000002053,-60.75358733060676,2.684966116776078,0.027184606014368392
27.679999999999588,0.11600000000002059,-59.10696875456639,2.681226003505643,0.029344049654997605
27.719999999999587,0.11400000000002064,-57.342821750613744,2.6771948412497077,0.03167153833241372
27.759999999999586,0.1120000000000207,-55.45268398983685,2.672850979379487,0.034179572591408545
27.799999999999585,0.11000000000002075,-53.42758056902188,2.668171320597269,0.036881488239528
27.839999999999584,0.10800000000002075,-51.25800882148427,2.6631312513971745,0.039791496495366514
27.879999999999583,0.1060000000000208,-48.93392566251668,2.6577045739259697,0.04292472332818545
27.919999999999582,0.10400000000002085,-46.444738152985444,2.6518634403035937,0.04629724737698705
27.95999999999958,0.10200000000002091,-43.77929805908745,2.645578290652903,0.049926135727572055
27.99999999999958,0.10000000000002096,-40.92590129500542,2.6388177962986554,0.05382947670455035
28.03999999999958,0.09800000000002096,-37.87229324901487,2.6315488098271467,0.05802640870167236
28.07999999999958,0.09600000000002101,-34.60568110923185,2.623736323949663,0.06253714392849681
28.119999999999578,0.09400000000002107,-31.112754432234446,2.615343441383637,0.06738298579509812
28.159999999999577,0.09200000000002112,-27.379715315087704,2.606331358252678,0.07258633849064204
28.199999999999577,0.09000000000002117,-23.392319651168393,2.5966593638067046,0.07817070713842829
28.239999999999576,0.08800000000002117,-19.13593106325137,2.58628485957072,0.0841606867325479
28.279999999999575,0.08600000000002123,-14.59558919740684,2.57516340133805,0.09058193788392066
28.319999999999574,0.08400000000002128,-9.756094138330694,2.5632487677212037,0.0974611472317908
28.359999999999573,0.08200000000002133,-4.602108743472244,2.550493059248698,0.10482597021790183
28.399999999999572,0.08000000000002139,0.8817193063014872,2.5368468322337696,0.11270495378342138
28.43999999999957,0.07800000000002139,6.710613999235544,2.5222592718223624,0.12112743644393219
28.47999999999957,0.07600000000002144,12.899504420166704,2.506678408731248,0.13012342313810457
28.51999999999957,0.07400000000002149,19.46283370764751,2.4900513841872853,0.13972343224561992
28.55999999999957,0.07200000000002155,26.414342459821626,2.472324767447292,0.14995831224590808
28.599999999999568,0.0700000000000216,33.7668259241039,2.45344492998361,0.16085902565929253
28.639999999999567,0.0680000000000216,41.53186488229131,2.4333584799303667,0.17245639819516456
28.679999999999566,0.06600000000002165,49.71953083868862,2.4120127596661542,0.18478083144717825
28.719999999999565,0.0640000000000217,58.33806699271657,2.389356408428163,0.19786197804175581
28.759999999999565,0.06200000000002176,67.39354748664664,2.365339990582136,0.2117283788799364
28.799999999999564,0.060000000000021814,76.88951861820627,2.3399166885896387,0.2264070630265957
28.839999999999563,0.05800000000002181,86.82662700780513,2.3130430578069188,0.24192311190233176
28.879999999999562,0.056000000000021866,97.20224116717753,2.2846798380196165,0.2582991907209292
28.91999999999956,0.05400000000002192,108.01007441880623,2.254792814084387,0.27555505157799653
28.95999999999956,0.05200000000002197,119.23981865812675,2.223353715253718,0.2937070142100266
28.99999999999956,0.05000000000002203,130.8767999306925,2.1903411397712143,0.3127674321689215
29.03999999999956,0.048000000000022025,142.90166812948218,2.1557414882373482,0.3327441539395043
29.079999999999558,0.04600000000002208,155.29013422011434,2.119549886185689,0.3536399902942005
29.119999999999557,0.04400000000002213,168.01276911472453,2.081771073431535,0.37545220084067993
29.159999999999556,0.042000000000022186,181.03487856377876,2.0424202352384926,0.3981720141709246
29.199999999999555,0.04000000000002224,194.31646807817265,2.001523748392145,0.42178419714950277
29.239999999999554,0.03800000000002224,207.81231083165943,1.959119814080086,0.446266689565481
29.279999999999553,0.03600000000002229,221.4721296505435,1.9152589492552987,0.4715903205003742
29.319999999999553,0.034000000000022346,235.24090154989665,1.870004309084058,0.49771862223047497
29.359999999999552,0.0320000000000224,249.05928980465407,1.8234318152888982,0.5246077562058203
29.39999999999955,0.030000000000022453,262.86420436381025,1.7756300687707365,0.5522065635843145
29.43999999999955,0.02800000000002245,276.5894866192132,1.726700029834841,0.5804567499465205
29.47999999999955,0.026000000000022505,290.16670937085104,1.676754455565696,0.6092932102247987
29.51999999999955,0.02400000000002256,303.5260775207002,1.6259170912114362,0.6386444956563458
29.559999999999548,0.022000000000022613,316.59740989466275,1.574321620568499,0.6684334198755273
29.599999999999547,0.020000000000022666,329.3111779712919,1.5221103889336969,0.6985777963090332
29.639999999999546,0.018000000000022665,341.5995735120997,1.469432920779565,0.7289912940787292
29.679999999999545,0.01600000000002272,353.39757443445717,1.4164442624362412,0.7595843949248925
29.719999999999544,0.014000000000022772,364.6439769916528,1.3633031872523047,0.7902654295122381
29.759999999999543,0.012000000000022826,375.2823625854088,1.3101703065156638,0.8209416681280557
29.799999999999542,0.01000000000002288,385.2619693424064,1.257206133473627,0.8515204384395663
29.83999999999954,0.008000000000022878,394.5384419368693,1.204569149834269,0.8819102417989062
29.87999999999954,0.0060000000000229314,403.07443778875484,1.1524139240239135,0.9120218396469442
29.91999999999954,0.004000000000022985,410.84007348730654,1.1008893282250678,0.9417692828673255
29.95999999999954,0.002000000000023039,417.81320169334265,1.0501368969740719,0.9710708593938228
29.999999999999538,2.3092638912203256e-14,423.97951548889836,1.0002893641340913,0.9998499388178699
30.039999999999537,-0.001999999999976909,429.332483751166,0.9514694077557336,1.0280356969602857
30.079999999999536,-0.0039999999999768,433.87312725161706,0.903788624141887,1.0555637081033284
30.119999999999536,-0.005999999999976802,437.60965049315547,0.8573467438237726,1.0823763975501466
30.159999999999535,-0.007999999999976803,440.5569485610931,0.8122310936028536,1.108423352116372
30.199999999999534,-0.009999999999976694,442.736011311729,0.7685163007471205,1.1336614908153855
30.239999999999533,-0.011999999999976696,444.17324900275236,0.7262642282106885,1.1580551021666674
30.279999999999532,-0.013999999999976587,444.89976401021477,0.6855241236442335,1.1815757580788595
30.31999999999953,-0.01599999999997659,444.95059269258877,0.6463329601553964,1.204202117034765
30.35999999999953,-0.01799999999997659,444.36393991090137,0.6087159433411343,1.2259196312894083
30.39999999999953,-0.01999999999997648,443.1804264014317,0.5726871570367039,1.2467201739910585
30.43999999999953,-0.021999999999976483,441.4423663641377,0.5382503194230428,1.2666016025981701
30.479999999999528,-0.023999999999976374,439.1930894536615,0.505399621462055,1.2855672747755251
30.519999999999527,-0.025999999999976375,436.4763181028882,0.474120620905635,1.3036255322155905
30.559999999999526,-0.027999999999976377,433.3356078907248,0.4443911671470363,1.3207891666629554
30.599999999999525,-0.029999999999976268,429.8138556655537,0.4161823347456368,1.3370748809400694
30.639999999999525,-0.03199999999997627,425.95287743371296,0.3894593463616834,1.352502756094858
30.679999999999524,-0.03399999999997616,421.7930557078198,0.3641824689082904,1.3670957340178564
30.719999999999523,-0.03599999999997616,417.37305408598945,0.3403078698119964,1.3808791230959359
30.759999999999522,-0.037999999999976164,412.72959533845795,0.31778842324797874,1.3938801327522374
30.79999999999952,-0.039999999999976055,407.89729817211423,0.2965744589882806,1.4061274411214535
30.83999999999952,-0.041999999999976056,402.9085671027053,0.2766144490067346,1.417650798663243
30.87999999999952,-0.04399999999997595,397.79352944414455,0.2578556291832129,1.4284806692471363
30.91999999999952,-0.04599999999997595,392.58001327823985,0.24024455532485994,1.4386479091598618
30.959999999999518,-0.04799999999997595,387.29356033425057,0.2237275942731692,1.448183483590569
30.999999999999517,-0.04999999999997584,381.9574679525606,0.2082513521063363,1.4571182194333068
31.039999999999516,-0.05199999999997584,376.59285467428106,0.1937630423994413,1.4654825926959436
31.079999999999515,-0.053999999999975734,371.21874444410844,0.1802107981996871,1.473306548403747
31.119999999999514,-0.055999999999975736,365.85216492708213,0.16754393184262578,1.480619350615331
31.159999999999513,-0.05799999999997574,360.50825595229395,0.15571314701163722,1.4874494600092065
31.199999999999513,-0.05999999999997563,355.2003846295763,0.14467070755953476,1.4938244364319224
31.23999999999951,-0.06199999999997563,349.94026419069434,0.13437056759909588,1.4997708638057916
31.27999999999951,-0.06399999999997552,344.73807408100237,0.1247684672566,1.5053142948593299
31.31999999999951,-0.06599999999997552,339.60257927464124,0.11582199829406742,1.5104792132523217
31.35999999999951,-0.06799999999997552,334.54124717884326,0.10749064356347364,1.5152890108074113
31.39999999999951,-0.06999999999997542,329.5603608495098,0.09973579397787316,1.5197659777208379
31.439999999999507,-0.07199999999997542,324.6651275531282,0.09252074638525179,1.5239313037976245
31.479999999999507,-0.07399999999997531,319.85978196926595,0.08581068542305924,1.5278050889342936
31.519999999999506,-0.07599999999997531,315.1476835642459,0.07957265212426365,1.5314063612494826
31.559999999999505,-0.07799999999997531,310.5314078463474,0.07377550174666021,1.5347531014355265
31.599999999999504,-0.0799999999999752,306.01283137645555,0.06838985301125093,1.5378622720691384
31.639999999999503,-0.0819999999999752,301.5932105299262,0.06338803066651127,1.5407498507746227
31.679999999999502,-0.0839999999999751,297.27325410382565,0.058744003045540186,1.5434308662772795
31.7199999999995,-0.0859999999999751,293.0531899463989,0.0544333160537207,1.5459194365170792
31.7599999999995,-0.0879999999999751,288.9328258369871,0.050433024816057374,1.548228808113029
31.7999999999995,-0.08999999999997499,284.9116048905122,0.046721624025552,1.550371396577079
31.8399999999995,-0.09199999999997499,280.9886557858223,0.04327897786621481,1.5523588267732613
31.879999999999498,-0.09399999999997488,277.16283813706224,0.040086250235558674,1.5542019732036332
31.919999999999497,-0.09599999999997488,273.4327833310614,0.037125835860482057,1.5559109997781815
31.959999999999496,-0.09799999999997488,269.7969311590344,0.03438129278599653,1.5574953987919258
31.999999999999496,-0.09999999999997478,266.25356256275046,0.03183727661686023,1.5589640288898248
32.039999999999495,-0.10199999999997478,262.80082880686183,0.029479476806467977,1.5603251518495842
32.079999999999494,-0.10399999999997478,259.43677737965805,0.027294555213923388,1.5615864680548375
32.11999999999949,-0.10599999999997467,256.15937490568393,0.025270087087758634,1.562755150567239
32.15999999999949,-0.10799999999997467,252.9665273418526,0.023394504582045172,1.5638378777364375
32.19999999999949,-0.10999999999997456,249.85609770998764,0.021657042866479626,1.5648408643123932
32.23999999999949,-0.11199999999997456,246.82592160199556,0.020047688855372912,1.5657698910456597
32.27999999999949,-0.11399999999997457,243.87382067758534,0.018557132550362305,1.5666303327786348
32.31999999999949,-0.11599999999997446,240.99761435645578,0.01717672096720568,1.5674271850449029
32.35999999999949,-0.11799999999997446,238.19512989243674,0.015898414597444486,1.5681650892050882
32.39999999999949,-0.11999999999997435,235.46421099947753,0.014714746340323053,1.568848356156534
32.439999999999486,-0.12199999999997435,232.802725186519,0.013618782828508943,1.5694809886609475
32.479999999999485,-0.12399999999997435,230.2085699428628,0.012604088062338809,1.5700667023392534
32.519999999999484,-0.12599999999997424,227.67967790389292,0.01166468926102105,1.570608945386521
32.559999999999484,-0.12799999999997425,225.21402111321473,0.010795044835062476,1.5711109170622453
32.59999999999948,-0.12999999999997414,222.80961448816998,0.009990014381777674,1.571575585012633
32.63999999999948,-0.13199999999997414,220.46451858302092,0.00924483060477821,1.5720057014821254
32.67999999999948,-0.13399999999997414,218.17684173670332,0.008555073058561447,1.572403818471233
32.71999999999948,-0.13599999999997403,215.94474168072273,0.007916643620484819,1.5727723018971074
32.75999999999948,-0.13799999999997403,213.76642667783858,0.007325743594336958,1.573113344812145
32.79999999999948,-0.13999999999997392,211.64015625191186,0.006778852352227609,1.5734289797344836
32.83999999999948,-0.14199999999997392,209.5642415649808,0.006272707424475886,1.5737210901425278
32.87999999999948,-0.14399999999997393,207.53704548999497,0.005804285950467273,1.573991421183758
32.919999999999476,-0.14599999999997382,205.5569824230477,0.0053707874069678216,1.5742415896460311
32.959999999999475,-0.14799999999997382,203.6225178741111,0.004969617534056087,1.5744730932374673
32.999999999999474,-0.1499999999999737,201.73216787012404,0.004598373382586186,1.5746873192188526
33.03999999999947,-0.1519999999999737,199.88449820096207,0.004254829410876547,1.5748855524302987
33.07999999999947,-0.1539999999999737,198.07812353512264,0.0039369245620854715,1.5750689827517308
33.11999999999947,-0.1559999999999736,196.31170642853164,0.0036427502574473986,1.5752387120346294
33.15999999999947,-0.1579999999999736,194.5839562470246,0.003370539244179262,1.5753957605403521
33.19999999999947,-0.1599999999999735,192.89362802086035,0.0031186552403997016,1.5755410729183226
33.23999999999947,-0.1619999999999735,191.23952124690678,0.0028855833228202195,1.5756755237554028
33.27999999999947,-0.1639999999999735,189.6204786521292,0.0026699210062557854,1.575799922725863
33.31999999999947,-0.1659999999999734,188.03538493074106,0.002470369967152634,1.5759150193695466
33.35999999999947,-0.1679999999999734,186.48316546466356,0.002285728366340388,1.5760215075240924
33.399999999999466,-0.16999999999997328,184.96278503698284,0.002114883729080088,1.576120029435417
33.439999999999465,-0.17199999999997329,183.47324654526605,0.001956806343198862,1.5762111795690967
33.479999999999464,-0.1739999999999733,182.01358972176698,0.0018105431386780072,1.5762955081437955
33.51999999999946,-0.17599999999997318,180.58288986568897,0.0016752120144947302,1.5763735244064863
33.55999999999946,-0.17799999999997318,179.18025659235317,0.0015499965808138342,1.5764456996678817
33.59999999999946,-0.17999999999997307,177.80483260285976,0.0014341412867872202,1.5765124701152462
33.63999999999946,-0.18199999999997307,176.45579247768381,0.001326946906251099,1.5765742394185864
33.67999999999946,-0.18399999999997307,175.13234149660295,0.0012277663555189766,1.5766313811451171
33.71999999999946,-0.18599999999997296,173.8337144870312,0.00113600081925709,1.5766842409958652
33.75999999999946,-0.18799999999997297,172.55917470240047,0.001051096162104573,1.5767331388773065
33.79999999999946,-0.18999999999997286,171.30801273178093,0.0009725396052681569,1.5767783708200303
33.839999999999456,-0.19199999999997286,170.0795454416233,0.0008998566487862865,1.576820210755572
33.879999999999455,-0.19399999999997286,168.8731149500999,0.0008326082215261703,1.5768589121617727
33.919999999999455,-0.19599999999997275,167.68808763449158,0.0007703880422540951,1.5768947095862809
33.959999999999454,-0.19799999999997275,166.52385317160125,0.0007128201763103279,1.5769278200571297
33.99999999999945,-0.19999999999997264,165.379823611147,0.0006595567735297841,1.5769584443886766
34.03999999999945,-0.20199999999997265,164.2554324818803,0.0006102759740831968,1.5769867683905994
34.07999999999945,-0.20399999999997265,163.1501339300776,0.0005646799698759609,1.5770129639870858
34.11999999999945,-0.20599999999997254,162.06340188978,0.000522493210036986,1.5770371902528388
34.15999999999945,-0.20799999999997254,160.99472928443222,0.00048346073986262446,1.5770595943720334
34.19999999999945,-0.20999999999997243,159.94362725894675,0.0004473466633548066,1.5770803125259223
34.23999999999945,-0.21199999999997243,158.90962444176873,0.0004139327202117254,1.577099470714365
34.27999999999945,-0.21399999999997243,157.8922662359799,0.0003830169687977233,1.5771171855161736
34.319999999999446,-0.21599999999997233,156.89111413867903,0.00035441256723944093,1.5771335647928078
34.359999999999445,-0.21799999999997233,155.90574508786892,0.00032794664537140917,1.5771487083396218
34.399999999999444,-0.21999999999997222,154.93575083587533,0.00030345926078891597,1.5771627084885549
34.43999999999944,-0.22199999999997222,153.98073734858195,0.00028080243276202877,1.577175650665869
34.47999999999944,-0.22399999999997222,153.04032422951042,0.0002598392482249341,1.577187613908279
34.51999999999944,-0.2259999999999721,152.11414416787196,0.0002404430344815239,1.5771986713405644
34.55999999999944,-0.2279999999999721,151.20184240983028,0.00022249659366400061,1.5772088906175306
34.59999999999944,-0.229999999999972,150.303076252002,0.0002058914943482188,1.5772183343329724
34.63999999999944,-0.231999999999972,149.41751455647156,0.00019052741606961234,1.5772270603980976
34.67999999999944,-0.233999999999972,148.54483728635284,0.00017631154279886202,1.5772351223916843
34.71999999999944,-0.2359999999999719,147.68473506126523,0.00016315800172857328,1.5772425698840795
34.75999999999944,-0.2379999999999719,146.8369087317663,0.00015098734399296302,1.5772494487369908
34.799999999999436,-0.2399999999999718,146.00106897207903,0.0001397260641933475,1.5772558013808715
34.839999999999435,-0.2419999999999718,145.17693589032905,0.00012930615583453433,1.577261667071577
34.879999999999434,-0.2439999999999718,144.36423865558712,0.0001196646999924472,1.5772670821278338
34.91999999999943,-0.24599999999997169,143.56271514094223,0.00011074348473259657,1.5772720801509574
34.95999999999943,-0.2479999999999717,142.77211158203343,0.00010248865298360456,1.5772766922281412
34.99999999999943,-0.24999999999997158,141.9921822503028,9.485037674092718e-05,1.5772809471205445
35.03999999999943,-0.2519999999999716,141.22268914036061,8.778255563415992e-05,1.5772848714373158
35.07999999999943,-0.2539999999999716,140.46340167084858,8.124253803788652e-05,1.577288489796601
35.11999999999943,-0.2559999999999715,139.71409639821186,7.5190863041676e-05,1.5772918249745098
35.15999999999943,-0.2579999999999715,138.97455674281872,6.959102172044725e-05,1.5772948980429378
35.19999999999943,-0.25999999999997137,138.2445727268819,6.440923626269874e-05,1.5772977284970804
35.23999999999943,-0.26199999999997137,137.5239407236473,5.961425562171112e-05,1.5773003343734084
35.279999999999426,-0.26399999999997137,136.81246321736197,5.5177166454487025e-05,1.5773027323588162
35.319999999999425,-0.26599999999997126,136.10994857354356,5.1071218205381145e-05,1.5773049378916044
35.359999999999424,-0.26799999999997126,135.41621081907016,4.727166127673941e-05,1.577306965254907
35.39999999999942,-0.26999999999997115,134.73106943167303,4.3755597307861216e-05,1.5773088276631295
35.43999999999942,-0.27199999999997115,134.05434913839704,4.0501840656693546e-05,1.5773105373419174
35.47999999999942,-0.27399999999997116,133.38587972261283,3.749079024634605e-05,1.5773121056021424
35.51999999999942,-0.27599999999997105,132.72549583923296,3.470431100111184e-05,1.5773135429083522
35.55999999999942,-0.27799999999997105,132.0730368377169,3.212562415463772e-05,1.5773148589420978
35.59999999999942,-0.27999999999997094,131.42834659254248,2.9739205766505347e-05,1.5773160626605214
35.63999999999942,-0.28199999999997094,130.79127334078825,2.7530692833099532e-05,1.577317162350562
35.67999999999942,-0.28399999999997094,130.16166952652245,2.5486796424568082e-05,1.5773181656791027
35.719999999999416,-0.28599999999997083,129.53939165167293,2.3595221322152876e-05,1.5773190797393657
35.759999999999415,-0.28799999999997083,128.92430013309408,2.1844591669495837e-05,1.5773199110938365
35.799999999999415,-0.2899999999999707,128.3162591655598,2.022438218789917e-05,1.5773206658139742
35.839999999999414,-0.2919999999999707,127.7151365903792,1.8724854539175372e-05,1.5773213495169514
35.87999999999941,-0.29399999999997073,127.1208037694395,1.7336998450876117e-05,1.5773219673996435
35.91999999999941,-0.2959999999999706,126.53313546436573,1.6052477247497416e-05,1.5773225242700752
35.95999999999941,-0.2979999999999706,125.9520097206228,1.4863577457928862e-05,1.577323024576514
35.99999999999941,-0.2999999999999705,125.37730775630338,1.3763162194081908e-05,1.577323472434385
36.03999999999941,-0.3019999999999705,124.80891385539789,1.274462801845688e-05,1.5773238716511735
36.07999999999941,-0.3039999999999705,124.24671526535967,1.1801865039530774e-05,1.5773242257494624
36.11999999999941,-0.3059999999999704,123.69060209875953,1.0929219993383082e-05,1.5773245379882468
36.15999999999941,-0.3079999999999704,123.14046723884545,1.0121462088058547e-05,1.5773248113826523
36.199999999999406,-0.3099999999999703,122.59620624884593,9.373751403890301e-06,1.5773250487221797
36.239999999999405,-0.3119999999999703,122.05771728484225,8.681609658480831e-06,1.5773252525875825
36.279999999999404,-0.3139999999999703,121.52490101205044,8.04089315935731e-06,1.5773254253664826
36.3199999999994,-0.3159999999999702,120.99766052436887,7.4477677805618426e-06,1.5773255692678165
36.3599999999994,-0.3179999999999702,120.47590126704313,6.898685811693409e-06,1.5773256863352025
36.3999999999994,-0.3199999999999701,119.95953096231025,6.390364539256012e-06,1.5773257784593058
36.4399999999994,-0.3219999999999701,119.4484595378969,5.919766430656373e-06,1.5773258473892788
36.4799999999994,-0.3239999999999701,118.94259905824104,5.484080800900459e-06,1.5773258947433464
36.5199999999994,-0.32599999999997,118.44186365832651,5.080706851015155e-06,1.5773259220185982
36.5599999999994,-0.32799999999997,117.94616948000693,4.707237975528738e-06,1.5773259306000487
36.5999999999994,-0.3299999999999699,117.45543461072273,4.361447244028487e-06,1.577325921769019
36.6399999999994,-0.3319999999999699,116.96957902449776,4.0412739689227655e-06,1.577325896710893
36.679999999999396,-0.3339999999999699,116.4885245251264,3.744811278113438e-06,1.5773258565222918
36.719999999999395,-0.33599999999996977,116.01219469145789,3.4702946173686756e-06,1.5773258022177115
36.759999999999394,-0.33799999999996977,115.54051482467378,3.2160911128165715e-06,1.5773257347356653
36.79999999999939,-0.33999999999996966,115.07341189750045,2.980689729188206e-06,1.577325654944366
36.83999999999939,-0.34199999999996966,114.61081450524703,2.7626921642568612e-06,1.5773255636469825
36.87999999999939,-0.34399999999996966,114.15265281861548,2.560804424378541e-06,1.5773254615865053
36.91999999999939,-0.34599999999996955,113.69885853819419,2.3738290301623717e-06,1.5773253494502453
36.95999999999939,-0.34799999999996956,113.24936485057117,2.2006578051152715e-06,1.5773252278739973
36.99999999999939,-0.34999999999996945,112.80410638599437,2.0402652036349794e-06,1.5773250974458943
37.03999999999939,-0.35199999999996945,112.36301917752841,1.8917021379907864e-06,1.5773249587099696
37.07999999999939,-0.35399999999996945,111.92604062162741,1.7540902669528391e-06,1.5773248121694556
37.119999999999386,-0.35599999999996934,111.49310944008245,1.6266167115253768e-06,1.5773246582898348
37.159999999999386,-0.35799999999996934,111.06416564327915,1.5085291658252365e-06,1.5773244975016627
37.199999999999385,-0.35999999999996923,110.63915049471517,1.3991313735390442e-06,1.57732433020318
37.239999999999384,-0.36199999999996924,110.21800647672566,1.297778942605386e-06,1.5773241567627292
37.27999999999938,-0.36399999999996924,109.80067725737108,1.2038754728159329e-06,1.57732397752099
37.31999999999938,-0.36599999999996913,109.38710765843615,1.1168689729233137e-06,1.5773237927930497
37.35999999999938,-0.36799999999996913,108.97724362450182,1.036248545596037e-06,1.5773236028703157
37.39999999999938,-0.369999999999969,108.571032193043,9.615413201818817e-07,1.5773234080222882
37.43999999999938,-0.371999999999969,108.16842146551458,8.923096147408306e-07,1.5773232084981985
37.47999999999938,-0.373999999999969,107.76936057938656,8.281483101963274e-07,1.5773230045285245
37.51999999999938,-0.3759999999999689,107.37379968109076,7.686824207370841e-07,1.5773227963263958
37.55999999999938,-0.3779999999999689,106.98168989984568,7.135648457893424e-07,1.5773225840888898
37.599999999999376,-0.3799999999999688,106.59298332232147,6.624742899781147e-07,1.5773223679982349
37.639999999999375,-0.3819999999999688,106.20763296812105,6.151133385122634e-07,1.5773221482229203
37.679999999999374,-0.3839999999999688,105.82559276603625,5.712066763687256e-07,1.5773219249187256
37.719999999999374,-0.3859999999999687,105.44681753105803,5.304994405209935e-07,1.5773216982296723
37.75999999999937,-0.3879999999999687,105.0712629421074,4.927556952618554e-07,1.5773214682889047
37.79999999999937,-0.3899999999999686,104.69888552046315,4.5775702141496037e-07,1.5773212352195045
37.83999999999937,-0.3919999999999686,104.32964260885846,4.2530121091853896e-07,1.5773209991352444
37.87999999999937,-0.3939999999999686,103.96349235122163,3.9520105890198613e-07,1.577320760141287
37.91999999999937,-0.3959999999999685,103.60039367304013,3.672832459654841e-07,1.5773205183348296
37.95999999999937,-0.3979999999999685,103.24030626232106,3.413873039183433e-07,1.5773202738057022
37.99999999999937,-0.3999999999999684,102.88319055112873,3.1736465873634796e-07,1.57732002663692
38.03999999999937,-0.4019999999999684,102.5290076976795,2.950777449651934e-07,1.5773197769051956
38.079999999999366,-0.4039999999999684,102.17771956896999,2.7439918622906887e-07,1.5773195246814125
38.119999999999365,-0.4059999999999683,101.82928872392411,2.5521103690295313e-07,1.5773192700310625
38.159999999999364,-0.4079999999999683,101.4836783970376,2.374040803768968e-07,1.5773190130146526
38.19999999999936,-0.40999999999996817,101.14085248250278,2.2087717968256367e-07,1.577318753688079
38.23999999999936,-0.41199999999996817,100.80077551879762,2.0553667656867837e-07,1.5773184921029755
38.27999999999936,-0.41399999999996817,100.46341267372317,1.9129583540479933e-07,1.577318228307034
38.31999999999936,-0.41599999999996806,100.12872972987041,1.7807432856360983e-07,1.577317962344303
38.35999999999936,-0.41799999999996806,99.79669307050764,1.6579776018249255e-07,1.5773176942554619
38.39999999999936,-0.41999999999996795,99.46726966586752,1.5439722543696548e-07,1.5773174240780767
38.43999999999936,-0.42199999999996796,99.1404270598248,1.4380890267296471e-07,1.577317151846836
38.47999999999936,-0.42399999999996796,98.81613335694968,1.339736759434294e-07,1.5773168775937683
38.51999999999936,-0.42599999999996785,98.49435720992327,1.24836785678138e-07,1.5773166013484445
38.559999999999356,-0.42799999999996785,98.17506780730433,1.1634750538562076e-07,1.577316323138166
38.599999999999355,-0.42999999999996774,97.858234861636,1.0845884244305693e-07,1.5773160429881363
38.639999999999354,-0.43199999999996774,97.54382859787869,1.0112726117543918e-07,1.5773157609216224
38.67999999999935,-0.43399999999996774,97.23181974216139,9.431242655976846e-08,1.5773154769601023
38.71999999999935,-0.43599999999996764,96.92217951083859,8.79769670144663e-08,1.577315191123403
38.75999999999935,-0.43799999999996764,96.61487959984412,8.208625484929717e-08,1.5773149034298273
38.79999999999935,-0.43999999999996753,96.30989217433196,7.6608203057612e-08,1.5773146138962717
38.83999999999935,-0.44199999999996753,96.00718985859446,7.151307723123065e-08,1.5773143225383355
38.87999999999935,-0.44399999999996753,95.7067457262494,6.677332146947435e-08,1.577314029370421
38.91999999999935,-0.4459999999999674,95.40853329068689,6.2363397238172e-08,1.5773137344058283
38.95999999999935,-0.4479999999999674,95.11252649576852,5.825963421252232e-08,1.5773134376568398
38.999999999999346,-0.4499999999999673,94.81869970676972,5.444009220987426e-08,1.577313139134802
39.039999999999345,-0.4519999999999673,94.52702770155909,5.0884433385292474e-08,1.5773128388501994
39.079999999999345,-0.4539999999999673,94.23748566200565,4.757380392457225e-08,1.5773125368127225
39.119999999999344,-0.4559999999999672,93.95004916560869,4.449072452654899e-08,1.5773122330313316
39.15999999999934,-0.4579999999999672,93.66469417734152,4.161898901944435e-08,1.5773119275143161
39.19999999999934,-0.4599999999999671,93.38139704170405,3.894357050494694e-08,1.577311620269349
39.23999999999934,-0.4619999999999671,93.10013447497677,3.645053446899709e-08,1.5773113113035369
39.27999999999934,-0.4639999999999671,92.82088355767078,3.412695834016073e-08,1.5773110006234676
39.31999999999934,-0.465999999999967,92.54362172716715,3.196085701522848e-08,1.577310688235253
39.35999999999934,-0.467999999999967,92.26832677054078,2.994111390755656e-08,1.577310374144569
39.39999999999934,-0.4699999999999669,91.99497681756212,2.8057417106844327e-08,1.5773100583566935
39.43999999999934,-0.4719999999999669,91.72355033387261,2.6300200269752596e-08,1.5773097408765402
39.479999999999336,-0.4739999999999669,91.45402611432792,2.4660587889175234e-08,1.5773094217086907
39.519999999999335,-0.4759999999999668,91.1863832765043,2.3130344616263923e-08,1.5773091008574247
39.559999999999334,-0.4779999999999668,90.92060125436326,2.170182833362523e-08,1.5773087783267463
39.59999999999933,-0.4799999999999667,90.65665979206968,2.0367946700617224e-08,1.5773084541204108
39.63999999999933,-0.4819999999999667,90.39453893795957,1.912211691248817e-08,1.5773081282419472
39.67999999999933,-0.4839999999999667,90.13421903865218,1.7958228434373157e-08,1.5773078006946806
39.71999999999933,-0.48599999999996657,89.87568073330327,1.6870608488983538e-08,1.5773074714817525
39.75999999999933,-0.48799999999996657,89.61890494799441,1.585399009332402e-08,1.5773071406061394
39.79999999999933,-0.48999999999996646,89.36387289025625,1.4903482455030552e-08,1.5773068080706698
39.83999999999933,-0.49199999999996646,89.11056604371944,1.4014543553045286e-08,1.5773064738780416
39.87999999999933,-0.49399999999996647,88.85896616289179,1.3182954740411477e-08,1.577306138030836
39.91999999999933,-0.49599999999996636,88.60905526805699,1.2404797219062127e-08,1.5773058005315317
39.959999999999326,-0.49799999999996636,88.36081564029233,1.1676430247663037e-08,1.5773054613825181
39.999999999999325,-0.49999999999996625,88.11422981659989,1.0994470953925162e-08,1.5773051205861073
